date, pm25
2020/4/2, 93
2020/4/3, 105
2020/4/4, 99
2020/4/5, 111
2020/3/2, 139
2020/3/3, 152
2020/3/4, 132
2020/3/5, 121
2020/3/6, 122
2020/3/7, 93
2020/3/8, 104
2020/3/9, 110
2020/3/10, 142
2020/3/11, 120
2020/3/12, 72
2020/3/13, 85
2020/3/14, 100
2020/3/15, 123
2020/3/16, 156
2020/3/17, 166
2020/3/18, 177
2020/3/19, 148
2020/3/20, 113
2020/3/21, 83
2020/3/22, 85
2020/3/23, 86
2020/3/24, 99
2020/3/25, 128
2020/3/26, 115
2020/3/27, 108
2020/3/28, 103
2020/3/29, 114
2020/3/30, 98
2020/3/31, 97
2020/4/1, 104
2020/2/2, 171
2020/2/3, 175
2020/2/4, 177
2020/2/5, 167
2020/2/6, 161
2020/2/7, 138
2020/2/8, 145
2020/2/9, 167
2020/2/10, 165
2020/2/11, 158
2020/2/12, 159
2020/2/13, 162
2020/2/14, 163
2020/2/15, 159
2020/2/16, 150
2020/2/17, 167
2020/2/18, 188
2020/2/19, 179
2020/2/20, 187
2020/2/21, 154
2020/2/22, 133
2020/2/23, 165
2020/2/24, 173
2020/2/25, 180
2020/2/26, 138
2020/2/27, 141
2020/2/28, 153
2020/2/29, 172
2020/3/1, 165
2020/1/2, 173
2020/1/3, 173
2020/1/4, 170
2020/1/5, 169
2020/1/6, 163
2020/1/7, 150
2020/1/8, 162
2020/1/9, 138
2020/1/10, 146
2020/1/11, 153
2020/1/12, 157
2020/1/13, 163
2020/1/14, 124
2020/1/15, 98
2020/1/16, 90
2020/1/17, 97
2020/1/18, 78
2020/1/19, 8
2020/1/20, 8
2020/1/21, 157
2020/1/22, 189
2020/1/23, 172
2020/1/24, 176
2020/1/25, 165
2020/1/26, 179
2020/1/27, 189
2020/1/28, 128
2020/1/29, 94
2020/1/30, 91
2020/1/31, 151
2020/2/1, 170
2019/10/2, 41
2019/10/3, 53
2019/10/4, 58
2019/10/5, 76
2019/10/6, 93
2019/10/7, 100
2019/10/8, 118
2019/10/9, 138
2019/10/10, 65
2019/10/11, 109
2019/10/12, 110
2019/10/13, 120
2019/10/14, 105
2019/10/15, 138
2019/10/16, 132
2019/10/17, 128
2019/10/18, 147
2019/10/19, 140
2019/10/20, 81
2019/10/21, 50
2019/10/22, 61
2019/10/23, 48
2019/10/24, 54
2019/10/25, 78
2019/10/26, 60
2019/10/27, 61
2019/10/28, 107
2019/10/29, 117
2019/10/30, 127
2019/10/31, 107
2019/11/1, 72
2019/11/2, 44
2019/11/3, 41
2019/11/4, 60
2019/11/5, 83
2019/11/6, 102
2019/11/7, 142
2019/11/8, 15
2019/11/13, 7
2019/11/14, 99
2019/11/15, 159
2019/11/16, 158
2019/11/17, 162
2019/11/18, 163
2019/11/19, 163
2019/11/20, 174
2019/11/21, 174
2019/11/22, 174
2019/11/23, 171
2019/11/24, 170
2019/11/25, 170
2019/11/26, 172
2019/11/27, 170
2019/11/28, 160
2019/11/29, 162
2019/11/30, 165
2019/12/1, 169
2019/12/2, 174
2019/12/3, 148
2019/12/4, 116
2019/12/5, 137
2019/12/6, 139
2019/12/7, 168
2019/12/8, 160
2019/12/9, 170
2019/12/10, 164
2019/12/11, 160
2019/12/12, 164
2019/12/13, 164
2019/12/14, 134
2019/12/15, 129
2019/12/16, 152
2019/12/17, 164
2019/12/18, 157
2019/12/19, 156
2019/12/20, 152
2019/12/21, 168
2019/12/22, 167
2019/12/23, 167
2019/12/24, 164
2019/12/25, 179
2019/12/26, 185
2019/12/27, 158
2019/12/28, 162
2019/12/29, 160
2019/12/30, 159
2019/7/2, 32
2019/7/3, 48
2019/7/4, 62
2019/7/5, 75
2019/7/6, 65
2019/7/7, 46
2019/7/8, 59
2019/7/9, 48
2019/7/10, 83
2019/7/11, 85
2019/7/12, 73
2019/7/13, 43
2019/7/14, 44
2019/7/15, 36
2019/7/16, 52
2019/7/17, 48
2019/7/18, 56
2019/7/19, 59
2019/7/20, 75
2019/7/21, 70
2019/7/22, 74
2019/7/23, 37
2019/7/24, 26
2019/7/25, 30
2019/7/26, 55
2019/7/27, 52
2019/7/28, 51
2019/7/29, 59
2019/7/30, 54
2019/7/31, 42
2019/8/1, 38
2019/8/2, 47
2019/8/3, 31
2019/8/4, 27
2019/8/5, 39
2019/8/6, 49
2019/8/7, 47
2019/8/8, 53
2019/8/9, 79
2019/8/10, 75
2019/8/11, 71
2019/8/12, 62
2019/8/13, 55
2019/8/14, 55
2019/8/15, 65
2019/8/16, 53
2019/8/17, 48
2019/8/18, 55
2019/8/19, 49
2019/8/20, 53
2019/8/21, 53
2019/8/22, 44
2019/8/23, 52
2019/8/24, 53
2019/8/25, 48
2019/8/26, 47
2019/8/27, 64
2019/8/28, 56
2019/8/29, 56
2019/8/30, 53
2019/8/31, 44
2019/9/1, 45
2019/9/2, 37
2019/9/3, 49
2019/9/4, 19
2019/9/5, 18
2019/9/6, 13
2019/9/7, 22
2019/9/8, 30
2019/9/9, 30
2019/9/10, 54
2019/9/11, 55
2019/9/12, 66
2019/9/13, 42
2019/9/14, 44
2019/9/15, 48
2019/9/16, 34
2019/9/17, 45
2019/9/18, 44
2019/9/19, 59
2019/9/20, 70
2019/9/21, 50
2019/9/22, 53
2019/9/23, 64
2019/9/24, 65
2019/9/25, 56
2019/9/26, 57
2019/9/27, 53
2019/9/28, 33
2019/9/29, 39
2019/9/30, 31
2019/10/1, 29
2019/4/2, 84
2019/4/3, 89
2019/4/4, 100
2019/4/5, 89
2019/4/6, 74
2019/4/7, 72
2019/4/8, 77
2019/4/9, 76
2019/4/10, 71
2019/4/11, 72
2019/4/12, 76
2019/4/13, 92
2019/4/14, 115
2019/4/15, 98
2019/4/16, 90
2019/4/17, 98
2019/4/18, 59
2019/4/19, 79
2019/4/20, 91
2019/4/21, 83
2019/4/22, 82
2019/4/23, 87
2019/4/24, 72
2019/4/25, 72
2019/4/26, 66
2019/4/27, 70
2019/4/29, 112
2019/4/30, 91
2019/5/1, 96
2019/5/2, 90
2019/5/3, 106
2019/5/4, 93
2019/5/5, 94
2019/5/6, 79
2019/5/7, 75
2019/5/8, 73
2019/5/9, 64
2019/5/10, 51
2019/5/11, 44
2019/5/12, 51
2019/5/13, 58
2019/5/14, 70
2019/5/15, 65
2019/5/16, 72
2019/5/17, 69
2019/5/18, 69
2019/5/19, 72
2019/5/20, 61
2019/5/21, 55
2019/5/22, 58
2019/5/23, 51
2019/5/24, 56
2019/5/25, 78
2019/5/26, 69
2019/5/27, 76
2019/5/28, 83
2019/5/29, 75
2019/5/30, 61
2019/5/31, 56
2019/6/1, 57
2019/6/2, 50
2019/6/3, 51
2019/6/4, 52
2019/6/5, 44
2019/6/6, 51
2019/6/7, 46
2019/6/8, 43
2019/6/9, 48
2019/6/10, 55
2019/6/11, 58
2019/6/12, 69
2019/6/13, 56
2019/6/14, 85
2019/6/15, 72
2019/6/16, 62
2019/6/17, 60
2019/6/18, 61
2019/6/19, 67
2019/6/20, 52
2019/6/25, 85
2019/6/26, 66
2019/6/27, 52
2019/6/28, 41
2019/6/29, 31
2019/6/30, 50
2019/7/1, 58
2019/1/2, 196
2019/1/3, 204
2019/1/4, 229
2019/1/5, 207
2019/1/6, 192
2019/1/7, 211
2019/1/8, 169
2019/1/9, 175
2019/1/10, 195
2019/1/11, 216
2019/1/12, 225
2019/1/13, 223
2019/1/14, 222
2019/1/15, 188
2019/1/16, 183
2019/1/17, 184
2019/1/18, 200
2019/1/19, 208
2019/1/20, 205
2019/1/21, 255
2019/1/23, 115
2019/1/24, 134
2019/1/25, 157
2019/1/26, 153
2019/1/27, 146
2019/1/28, 151
2019/1/29, 138
2019/1/30, 136
2019/1/31, 155
2019/2/1, 150
2019/2/2, 159
2019/2/3, 174
2019/2/4, 180
2019/2/5, 166
2019/2/6, 174
2019/2/7, 158
2019/2/8, 109
2019/2/9, 148
2019/2/10, 152
2019/2/11, 168
2019/2/12, 190
2019/2/13, 175
2019/2/14, 151
2019/2/15, 110
2019/2/16, 140
2019/2/17, 141
2019/2/18, 157
2019/2/19, 150
2019/2/20, 145
2019/2/21, 164
2019/2/22, 108
2019/2/23, 121
2019/2/24, 174
2019/2/25, 154
2019/2/26, 136
2019/2/27, 122
2019/2/28, 114
2019/3/1, 122
2019/3/2, 155
2019/3/3, 161
2019/3/4, 80
2019/3/5, 87
2019/3/6, 120
2019/3/7, 108
2019/3/8, 121
2019/3/9, 136
2019/3/10, 147
2019/3/11, 137
2019/3/12, 118
2019/3/13, 106
2019/3/14, 121
2019/3/15, 102
2019/3/16, 118
2019/3/17, 152
2019/3/18, 148
2019/3/19, 155
2019/3/20, 138
2019/3/21, 121
2019/3/22, 95
2019/3/23, 86
2019/3/24, 130
2019/3/25, 161
2019/3/26, 164
2019/3/27, 157
2019/3/28, 145
2019/3/29, 141
2019/3/30, 130
2019/3/31, 114
2019/4/1, 86
2018/10/12, 106
2018/10/13, 147
2018/10/14, 172
2018/10/15, 170
2018/10/16, 164
2018/10/17, 161
2018/10/18, 150
2018/10/19, 120
2018/10/20, 131
2018/10/21, 157
2018/10/22, 172
2018/10/23, 173
2018/10/24, 149
2018/10/25, 153
2018/10/26, 157
2018/10/27, 141
2018/10/28, 164
2018/10/29, 143
2018/10/30, 114
2018/10/31, 147
2018/11/1, 150
2018/11/2, 147
2018/11/3, 145
2018/11/4, 126
2018/11/5, 114
2018/11/6, 105
2018/11/7, 167
2018/11/8, 148
2018/11/9, 253
2018/11/10, 200
2018/11/11, 233
2018/11/12, 169
2018/11/13, 166
2018/11/14, 166
2018/11/15, 154
2018/11/16, 153
2018/11/17, 162
2018/11/18, 165
2018/11/19, 176
2018/11/20, 183
2018/11/21, 183
2018/11/22, 208
2018/11/23, 165
2018/11/24, 166
2018/11/25, 166
2018/11/26, 170
2018/11/27, 175
2018/11/28, 171
2018/11/29, 165
2018/11/30, 166
2018/12/1, 166
2018/12/2, 171
2018/12/3, 179
2018/12/4, 178
2018/12/5, 173
2018/12/6, 175
2018/12/7, 163
2018/12/8, 162
2018/12/9, 174
2018/12/10, 173
2018/12/11, 162
2018/12/12, 149
2018/12/13, 136
2018/12/14, 145
2018/12/15, 140
2018/12/16, 156
2018/12/17, 160
2018/12/18, 163
2018/12/19, 164
2018/12/22, 133
2018/12/23, 161
2018/12/24, 168
2018/12/25, 180
2018/12/26, 197
2018/12/27, 157
2018/12/28, 145
2018/12/29, 167
2018/12/30, 157
2018/12/31, 161
2018/7/2, 98
2018/7/3, 93
2018/7/4, 115
2018/7/5, 126
2018/7/6, 121
2018/7/7, 145
2018/7/8, 134
2018/7/9, 92
2018/7/10, 100
2018/7/11, 100
2018/7/12, 159
2018/7/13, 124
2018/7/14, 167
2018/7/15, 161
2018/7/16, 159
2018/7/17, 175
2018/7/18, 182
2018/7/19, 162
2018/7/20, 155
2018/7/21, 151
2018/7/22, 160
2018/7/23, 140
2018/7/24, 139
2018/7/25, 159
2018/7/26, 124
2018/7/27, 110
2018/7/28, 162
2018/7/29, 148
2018/7/30, 151
2018/7/31, 148
2018/8/1, 138
2018/8/2, 149
2018/8/3, 125
2018/8/4, 109
2018/8/5, 121
2018/8/6, 116
2018/8/7, 136
2018/8/8, 150
2018/8/9, 143
2018/8/10, 147
2018/8/11, 134
2018/8/12, 130
2018/8/13, 131
2018/8/14, 130
2018/8/15, 156
2018/8/16, 131
2018/8/17, 163
2018/8/18, 146
2018/8/21, 187
2018/8/22, 139
2018/8/23, 110
2018/8/24, 109
2018/8/25, 126
2018/8/26, 113
2018/8/27, 66
2018/8/28, 111
2018/8/29, 107
2018/8/30, 102
2018/8/31, 90
2018/9/1, 73
2018/9/26, 81
2018/9/29, 155
2018/4/2, 120
2018/4/3, 94
2018/4/4, 97
2018/4/5, 107
2018/4/6, 124
2018/4/7, 147
2018/4/8, 135
2018/4/9, 143
2018/4/10, 143
2018/4/11, 138
2018/4/12, 129
2018/4/13, 111
2018/4/14, 108
2018/4/15, 113
2018/4/17, 79
2018/4/19, 94
2018/4/20, 132
2018/4/21, 103
2018/4/22, 88
2018/4/23, 112
2018/4/24, 123
2018/4/25, 128
2018/4/26, 121
2018/4/27, 79
2018/4/28, 100
2018/4/29, 75
2018/4/30, 98
2018/5/1, 122
2018/5/2, 118
2018/5/3, 90
2018/5/4, 89
2018/5/5, 82
2018/5/6, 103
2018/5/7, 92
2018/5/8, 87
2018/5/9, 83
2018/5/10, 89
2018/5/11, 95
2018/5/12, 100
2018/5/13, 122
2018/5/14, 103
2018/5/15, 75
2018/5/16, 69
2018/5/17, 73
2018/5/18, 97
2018/5/19, 101
2018/5/20, 113
2018/5/21, 113
2018/5/22, 99
2018/5/23, 110
2018/5/24, 91
2018/5/25, 97
2018/5/26, 90
2018/5/27, 79
2018/5/28, 92
2018/5/29, 83
2018/5/30, 83
2018/5/31, 91
2018/6/1, 108
2018/6/2, 109
2018/6/3, 104
2018/6/6, 78
2018/6/7, 80
2018/6/9, 87
2018/6/10, 81
2018/6/11, 111
2018/6/12, 113
2018/6/13, 117
2018/6/14, 106
2018/6/15, 104
2018/6/16, 106
2018/6/19, 34
2018/6/20, 69
2018/6/21, 137
2018/6/22, 115
2018/6/23, 116
2018/6/24, 95
2018/6/25, 72
2018/6/26, 85
2018/6/27, 124
2018/6/28, 117
2018/6/29, 108
2018/6/30, 165
2018/7/1, 126
2018/1/2, 218
2018/1/3, 204
2018/1/4, 250
2018/1/5, 270
2018/1/6, 211
2018/1/7, 183
2018/1/8, 152
2018/1/9, 177
2018/1/10, 223
2018/1/11, 220
2018/1/12, 188
2018/1/13, 201
2018/1/14, 180
2018/1/15, 209
2018/1/16, 202
2018/1/17, 170
2018/1/18, 177
2018/1/19, 169
2018/1/20, 97
2018/1/21, 159
2018/1/22, 178
2018/1/23, 188
2018/1/24, 191
2018/1/25, 153
2018/1/26, 179
2018/1/27, 182
2018/1/28, 164
2018/1/29, 150
2018/1/30, 182
2018/1/31, 202
2018/2/1, 175
2018/2/2, 203
2018/2/3, 211
2018/2/4, 198
2018/2/5, 186
2018/2/6, 193
2018/2/7, 239
2018/2/8, 211
2018/2/9, 282
2018/2/10, 155
2018/2/11, 132
2018/2/12, 99
2018/2/13, 109
2018/2/14, 160
2018/2/15, 174
2018/2/16, 150
2018/2/17, 167
2018/2/18, 160
2018/2/19, 162
2018/2/20, 180
2018/2/21, 208
2018/2/22, 182
2018/2/23, 202
2018/2/24, 208
2018/2/25, 193
2018/2/26, 179
2018/2/27, 191
2018/2/28, 196
2018/3/1, 221
2018/3/2, 225
2018/3/3, 327
2018/3/4, 206
2018/3/5, 167
2018/3/6, 166
2018/3/7, 162
2018/3/8, 127
2018/3/9, 135
2018/3/10, 133
2018/3/11, 134
2018/3/12, 146
2018/3/13, 162
2018/3/14, 138
2018/3/15, 108
2018/3/16, 123
2018/3/17, 166
2018/3/18, 151
2018/3/19, 147
2018/3/20, 107
2018/3/21, 132
2018/3/22, 122
2018/3/23, 119
2018/3/24, 143
2018/3/25, 152
2018/3/26, 181
2018/3/27, 170
2018/3/28, 155
2018/3/29, 142
2018/3/30, 123
2018/3/31, 114
2018/4/1, 100
2017/10/2, 151
2017/10/3, 136
2017/10/4, 153
2017/10/5, 153
2017/10/6, 173
2017/10/7, 171
2017/10/8, 171
2017/10/9, 101
2017/10/10, 121
2017/10/11, 141
2017/10/12, 113
2017/10/13, 74
2017/10/14, 140
2017/10/15, 156
2017/10/16, 151
2017/10/17, 167
2017/10/18, 167
2017/10/19, 198
2017/10/20, 238
2017/10/21, 301
2017/10/22, 169
2017/10/23, 151
2017/10/24, 161
2017/10/25, 150
2017/10/26, 148
2017/10/27, 150
2017/10/28, 174
2017/10/29, 175
2017/10/30, 165
2017/10/31, 172
2017/12/21, 151
2017/12/22, 169
2017/12/23, 185
2017/12/24, 176
2017/12/25, 210
2017/12/26, 252
2017/12/27, 192
2017/12/28, 180
2017/12/29, 187
2017/12/30, 216
2017/12/31, 223
2018/1/1, 182
2017/7/2, 61
2017/7/3, 90
2017/7/4, 92
2017/7/5, 66
2017/7/6, 64
2017/7/7, 58
2017/7/8, 62
2017/7/9, 63
2017/7/10, 41
2017/7/11, 53
2017/7/12, 56
2017/7/13, 46
2017/7/14, 62
2017/7/15, 76
2017/7/16, 59
2017/7/18, 34
2017/7/19, 41
2017/7/20, 27
2017/7/21, 62
2017/7/22, 42
2017/7/23, 52
2017/7/24, 49
2017/7/25, 55
2017/7/26, 63
2017/7/27, 44
2017/7/28, 44
2017/7/29, 50
2017/7/30, 50
2017/7/31, 33
2017/8/1, 60
2017/8/2, 31
2017/8/3, 37
2017/8/4, 41
2017/8/5, 65
2017/8/6, 56
2017/8/7, 55
2017/8/8, 62
2017/8/9, 58
2017/8/10, 62
2017/8/11, 95
2017/8/12, 69
2017/8/13, 36
2017/8/14, 37
2017/8/15, 34
2017/8/16, 52
2017/8/17, 55
2017/8/18, 49
2017/8/19, 59
2017/8/20, 71
2017/8/21, 108
2017/8/22, 92
2017/8/23, 62
2017/8/24, 61
2017/8/25, 49
2017/8/26, 46
2017/8/27, 54
2017/8/28, 45
2017/8/29, 43
2017/8/30, 27
2017/9/2, 82
2017/9/3, 97
2017/9/4, 69
2017/9/5, 111
2017/9/6, 103
2017/9/7, 132
2017/9/12, 162
2017/9/13, 139
2017/9/14, 98
2017/9/15, 98
2017/9/16, 101
2017/9/17, 93
2017/9/18, 92
2017/9/19, 65
2017/9/20, 89
2017/9/21, 95
2017/9/22, 135
2017/9/23, 100
2017/9/24, 93
2017/9/25, 107
2017/9/26, 89
2017/9/27, 99
2017/9/28, 92
2017/9/29, 15
2017/9/30, 13
2017/10/1, 101
2017/4/2, 100
2017/4/3, 97
2017/4/4, 96
2017/4/5, 83
2017/4/6, 85
2017/4/7, 84
2017/4/8, 129
2017/4/9, 154
2017/4/10, 169
2017/4/11, 170
2017/4/12, 151
2017/4/13, 147
2017/4/14, 166
2017/4/15, 131
2017/4/16, 105
2017/4/17, 105
2017/4/18, 82
2017/4/19, 107
2017/4/20, 77
2017/4/21, 81
2017/4/22, 76
2017/4/23, 75
2017/4/24, 88
2017/4/25, 96
2017/4/26, 123
2017/4/27, 138
2017/4/28, 114
2017/4/29, 98
2017/4/30, 81
2017/5/2, 65
2017/5/3, 96
2017/5/4, 93
2017/5/5, 93
2017/5/6, 99
2017/5/7, 91
2017/5/8, 63
2017/5/9, 93
2017/5/27, 29
2017/5/28, 33
2017/5/29, 27
2017/5/30, 32
2017/5/31, 34
2017/6/1, 35
2017/6/2, 53
2017/6/3, 48
2017/6/4, 23
2017/6/5, 43
2017/6/6, 65
2017/6/7, 63
2017/6/8, 33
2017/6/9, 39
2017/6/10, 29
2017/6/11, 29
2017/6/12, 46
2017/6/13, 34
2017/6/14, 41
2017/6/15, 37
2017/6/16, 40
2017/6/17, 16
2017/6/18, 22
2017/6/19, 24
2017/6/20, 44
2017/6/21, 25
2017/6/22, 42
2017/6/23, 39
2017/6/24, 51
2017/6/25, 64
2017/6/26, 59
2017/6/27, 38
2017/6/28, 62
2017/6/29, 43
2017/6/30, 64
2017/7/1, 88
2017/1/3, 240
2017/1/4, 184
2017/1/5, 199
2017/1/6, 198
2017/1/7, 190
2017/1/8, 173
2017/1/9, 150
2017/1/10, 157
2017/1/11, 164
2017/1/12, 185
2017/1/13, 196
2017/1/19, 200
2017/1/20, 208
2017/1/21, 199
2017/1/22, 182
2017/1/23, 169
2017/1/24, 183
2017/1/25, 180
2017/1/26, 186
2017/1/27, 200
2017/1/28, 140
2017/1/29, 156
2017/1/30, 163
2017/1/31, 173
2017/2/1, 194
2017/2/2, 190
2017/2/3, 208
2017/2/4, 213
2017/2/5, 144
2017/2/6, 123
2017/2/7, 141
2017/2/8, 169
2017/2/9, 168
2017/2/10, 170
2017/2/11, 172
2017/2/12, 146
2017/2/13, 171
2017/2/14, 203
2017/2/15, 190
2017/2/16, 166
2017/2/17, 180
2017/2/18, 172
2017/2/19, 162
2017/2/20, 178
2017/2/21, 184
2017/2/22, 130
2017/2/23, 128
2017/2/24, 154
2017/2/25, 177
2017/2/26, 167
2017/2/27, 173
2017/2/28, 212
2017/3/1, 191
2017/3/2, 194
2017/3/3, 166
2017/3/4, 156
2017/3/5, 152
2017/3/6, 142
2017/3/7, 165
2017/3/8, 177
2017/3/9, 152
2017/3/10, 121
2017/3/11, 90
2017/3/12, 92
2017/3/13, 166
2017/3/14, 234
2017/3/15, 171
2017/3/16, 178
2017/3/17, 162
2017/3/18, 140
2017/3/19, 125
2017/3/20, 96
2017/3/21, 118
2017/3/22, 142
2017/3/23, 153
2017/3/24, 150
2017/3/25, 137
2017/3/26, 140
2017/3/27, 138
2017/3/28, 166
2017/3/29, 158
2017/3/30, 155
2017/3/31, 146
2017/4/1, 144
2016/10/2, 66
2016/10/3, 72
2016/10/4, 71
2016/10/5, 62
2016/10/6, 68
2016/10/7, 70
2016/10/8, 48
2016/10/9, 65
2016/10/10, 53
2016/10/11, 76
2016/10/12, 102
2016/10/13, 109
2016/10/14, 97
2016/10/15, 141
2016/10/16, 163
2016/10/17, 164
2016/10/18, 170
2016/10/19, 160
2016/10/20, 161
2016/10/21, 162
2016/10/22, 165
2016/10/23, 162
2016/10/24, 168
2016/10/25, 147
2016/10/26, 125
2016/10/27, 139
2016/10/28, 163
2016/10/29, 168
2016/10/30, 188
2016/10/31, 197
2016/11/1, 210
2016/11/2, 212
2016/11/3, 165
2016/11/4, 164
2016/11/5, 171
2016/11/6, 168
2016/11/7, 161
2016/11/8, 162
2016/11/9, 168
2016/11/10, 161
2016/11/11, 173
2016/11/12, 182
2016/11/13, 180
2016/11/14, 179
2016/11/15, 189
2016/11/16, 211
2016/11/17, 205
2016/11/18, 190
2016/11/19, 166
2016/11/20, 178
2016/11/29, 168
2016/11/30, 209
2016/12/2, 180
2016/12/3, 190
2016/12/4, 177
2016/12/5, 168
2016/12/6, 171
2016/12/7, 174
2016/12/8, 172
2016/12/9, 180
2016/12/10, 186
2016/12/11, 196
2016/12/12, 171
2016/12/13, 183
2016/12/14, 171
2016/12/15, 168
2016/12/16, 157
2016/12/17, 170
2016/12/18, 171
2016/12/19, 134
2016/12/20, 149
2016/12/21, 164
2016/12/22, 177
2016/12/23, 185
2016/12/24, 199
2016/12/25, 200
2016/12/26, 243
2016/12/27, 196
2016/12/28, 180
2016/12/29, 171
2016/12/30, 190
2016/12/31, 204
2017/1/1, 230
2017/1/2, 235
2016/7/2, 68
2016/7/3, 50
2016/7/4, 69
2016/7/5, 73
2016/7/6, 76
2016/7/7, 77
2016/7/8, 76
2016/7/9, 76
2016/7/10, 77
2016/7/11, 77
2016/7/12, 85
2016/7/13, 84
2016/7/14, 84
2016/7/15, 71
2016/7/16, 80
2016/7/17, 69
2016/7/18, 52
2016/7/19, 51
2016/7/20, 64
2016/7/21, 61
2016/7/22, 73
2016/7/23, 77
2016/7/24, 79
2016/7/25, 70
2016/7/26, 61
2016/7/27, 67
2016/7/28, 67
2016/7/29, 66
2016/7/30, 60
2016/7/31, 54
2016/8/1, 59
2016/8/2, 53
2016/8/3, 57
2016/8/4, 44
2016/8/5, 38
2016/8/6, 46
2016/8/7, 47
2016/8/8, 47
2016/8/9, 58
2016/8/10, 61
2016/8/11, 49
2016/8/12, 50
2016/8/13, 53
2016/8/14, 61
2016/8/15, 45
2016/8/16, 37
2016/8/17, 39
2016/8/18, 47
2016/8/19, 53
2016/8/20, 54
2016/8/21, 50
2016/8/23, 42
2016/8/24, 46
2016/8/25, 72
2016/8/26, 59
2016/8/27, 49
2016/8/28, 52
2016/8/29, 42
2016/8/30, 61
2016/8/31, 65
2016/9/1, 51
2016/9/2, 49
2016/9/3, 58
2016/9/4, 78
2016/9/5, 72
2016/9/6, 52
2016/9/7, 55
2016/9/8, 56
2016/9/9, 60
2016/9/10, 96
2016/9/11, 90
2016/9/12, 97
2016/9/13, 74
2016/9/14, 86
2016/9/15, 67
2016/9/16, 49
2016/9/17, 72
2016/9/18, 50
2016/9/19, 33
2016/9/20, 29
2016/9/21, 53
2016/9/22, 43
2016/9/23, 50
2016/9/24, 71
2016/9/25, 67
2016/9/26, 55
2016/9/27, 47
2016/9/28, 63
2016/9/29, 59
2016/9/30, 67
2016/10/1, 83
2016/4/2, 83
2016/4/3, 88
2016/4/4, 111
2016/4/5, 114
2016/4/6, 88
2016/4/7, 77
2016/4/8, 83
2016/4/9, 107
2016/4/10, 113
2016/4/11, 115
2016/4/12, 116
2016/4/13, 107
2016/4/14, 99
2016/4/15, 121
2016/4/16, 107
2016/4/19, 107
2016/4/20, 104
2016/4/21, 130
2016/4/22, 113
2016/4/23, 73
2016/4/24, 83
2016/4/25, 81
2016/4/26, 90
2016/4/27, 85
2016/4/30, 76
2016/5/1, 83
2016/5/2, 73
2016/5/3, 66
2016/5/4, 73
2016/5/5, 75
2016/5/6, 49
2016/5/7, 59
2016/5/8, 69
2016/5/9, 61
2016/5/10, 62
2016/5/11, 67
2016/5/12, 57
2016/5/13, 60
2016/5/14, 68
2016/5/15, 69
2016/5/16, 59
2016/5/17, 59
2016/5/18, 63
2016/5/19, 62
2016/5/20, 56
2016/5/21, 41
2016/5/22, 66
2016/5/23, 58
2016/5/24, 44
2016/5/25, 41
2016/5/26, 37
2016/5/27, 60
2016/5/28, 63
2016/5/29, 59
2016/5/30, 46
2016/5/31, 54
2016/6/1, 39
2016/6/2, 68
2016/6/3, 60
2016/6/4, 54
2016/6/5, 60
2016/6/6, 55
2016/6/7, 96
2016/6/8, 75
2016/6/9, 55
2016/6/10, 61
2016/6/11, 60
2016/6/12, 72
2016/6/13, 55
2016/6/14, 63
2016/6/15, 72
2016/6/16, 68
2016/6/17, 88
2016/6/18, 79
2016/6/19, 80
2016/6/20, 80
2016/6/21, 99
2016/6/22, 51
2016/6/23, 57
2016/6/24, 44
2016/6/25, 52
2016/6/26, 29
2016/6/28, 46
2016/6/29, 40
2016/6/30, 49
2016/7/1, 53
2016/1/5, 188
2016/1/6, 187
2016/1/7, 212
2016/1/8, 242
2016/1/9, 211
2016/1/10, 194
2016/1/11, 178
2016/1/12, 197
2016/1/13, 181
2016/1/14, 173
2016/1/15, 217
2016/1/16, 163
2016/1/17, 149
2016/1/18, 149
2016/1/19, 174
2016/1/20, 142
2016/1/21, 159
2016/1/22, 163
2016/1/23, 146
2016/1/24, 163
2016/1/25, 173
2016/1/26, 195
2016/1/27, 168
2016/1/28, 173
2016/1/29, 217
2016/1/30, 218
2016/1/31, 195
2016/2/1, 179
2016/2/2, 193
2016/2/3, 173
2016/2/4, 193
2016/2/5, 185
2016/2/6, 205
2016/2/7, 165
2016/2/8, 119
2016/2/9, 148
2016/2/10, 214
2016/2/11, 158
2016/2/12, 118
2016/2/13, 117
2016/2/14, 150
2016/2/15, 148
2016/2/16, 166
2016/2/17, 165
2016/2/18, 169
2016/2/19, 162
2016/2/20, 147
2016/2/21, 140
2016/2/22, 158
2016/2/23, 139
2016/2/24, 168
2016/2/25, 173
2016/2/26, 116
2016/2/27, 159
2016/2/28, 205
2016/2/29, 179
2016/3/1, 188
2016/3/2, 198
2016/3/3, 180
2016/3/4, 170
2016/3/5, 126
2016/3/6, 141
2016/3/7, 107
2016/3/8, 136
2016/3/9, 145
2016/3/10, 127
2016/3/11, 156
2016/3/12, 168
2016/3/13, 114
2016/3/14, 67
2016/3/15, 95
2016/3/16, 99
2016/3/17, 100
2016/3/18, 122
2016/3/19, 124
2016/3/22, 130
2016/3/23, 163
2016/3/24, 160
2016/3/25, 157
2016/3/26, 131
2016/3/27, 138
2016/3/28, 153
2016/3/29, 134
2016/3/30, 140
2016/3/31, 134
2016/4/1, 102
2015/10/2, 153
2015/10/3, 126
2015/10/4, 87
2015/10/5, 96
2015/10/6, 115
2015/10/7, 157
2015/10/8, 171
2015/10/9, 172
2015/10/10, 96
2015/10/11, 71
2015/10/12, 80
2015/10/13, 95
2015/10/14, 139
2015/10/15, 160
2015/10/16, 169
2015/10/17, 156
2015/10/18, 159
2015/10/19, 156
2015/10/20, 163
2015/10/21, 160
2015/10/22, 172
2015/10/26, 173
2015/10/27, 163
2015/10/28, 156
2015/10/29, 175
2015/10/30, 174
2015/10/31, 154
2015/11/1, 157
2015/11/2, 155
2015/11/3, 153
2015/11/4, 166
2015/11/5, 171
2015/11/6, 183
2015/11/7, 177
2015/11/8, 152
2015/11/9, 159
2015/11/17, 182
2015/11/18, 171
2015/11/19, 161
2015/11/20, 152
2015/11/21, 151
2015/11/22, 145
2015/11/23, 133
2015/11/24, 148
2015/11/25, 92
2015/11/26, 153
2015/11/28, 156
2015/11/29, 156
2015/11/30, 167
2015/12/1, 175
2015/12/2, 178
2015/12/3, 185
2015/12/4, 172
2015/12/5, 170
2015/12/6, 164
2015/12/7, 166
2015/12/8, 160
2015/12/9, 166
2015/12/10, 174
2015/12/11, 166
2015/12/12, 169
2015/12/13, 175
2015/12/14, 171
2015/12/15, 181
2015/12/16, 186
2015/12/17, 191
2015/12/18, 169
2015/12/19, 165
2015/12/20, 179
2015/12/21, 219
2015/12/22, 183
2015/12/23, 161
2015/12/24, 194
2015/12/25, 173
2015/12/26, 152
2015/12/27, 166
2015/12/28, 176
2015/12/29, 182
2015/12/30, 189
2015/12/31, 188
2016/1/4, 185
2015/7/2, 76
2015/7/3, 56
2015/7/4, 51
2015/7/5, 52
2015/7/6, 48
2015/7/7, 49
2015/7/8, 54
2015/7/9, 47
2015/7/10, 49
2015/7/11, 63
2015/7/12, 64
2015/7/13, 63
2015/7/14, 62
2015/7/15, 65
2015/7/18, 74
2015/7/19, 67
2015/7/20, 57
2015/7/21, 58
2015/7/22, 55
2015/7/23, 65
2015/7/24, 92
2015/7/25, 56
2015/7/31, 30
2015/8/1, 39
2015/8/2, 42
2015/8/3, 45
2015/8/4, 47
2015/8/5, 53
2015/8/6, 47
2015/8/7, 51
2015/8/8, 55
2015/8/9, 58
2015/8/10, 62
2015/8/11, 71
2015/8/12, 74
2015/8/13, 80
2015/8/14, 57
2015/8/15, 47
2015/8/16, 44
2015/8/17, 50
2015/8/18, 67
2015/8/19, 65
2015/8/20, 71
2015/8/21, 63
2015/8/22, 47
2015/8/23, 41
2015/8/24, 48
2015/8/25, 46
2015/8/26, 56
2015/8/27, 56
2015/8/28, 44
2015/8/29, 61
2015/8/30, 71
2015/8/31, 63
2015/9/1, 78
2015/9/2, 77
2015/9/3, 84
2015/9/4, 103
2015/9/5, 108
2015/9/6, 109
2015/9/7, 86
2015/9/8, 66
2015/9/9, 74
2015/9/10, 79
2015/9/11, 86
2015/9/12, 117
2015/9/13, 88
2015/9/14, 92
2015/9/15, 81
2015/9/16, 50
2015/9/17, 81
2015/9/18, 40
2015/9/19, 73
2015/9/20, 62
2015/9/21, 63
2015/9/22, 54
2015/9/23, 64
2015/9/24, 81
2015/9/25, 103
2015/9/26, 116
2015/9/27, 115
2015/9/28, 97
2015/9/29, 115
2015/9/30, 153
2015/10/1, 147
2015/4/2, 94
2015/4/3, 93
2015/4/4, 79
2015/4/5, 91
2015/4/6, 121
2015/4/7, 173
2015/4/8, 163
2015/4/9, 156
2015/4/10, 152
2015/4/11, 134
2015/4/12, 130
2015/4/13, 101
2015/4/14, 115
2015/4/15, 125
2015/4/16, 140
2015/4/17, 124
2015/4/18, 120
2015/4/19, 130
2015/4/20, 105
2015/4/21, 89
2015/4/22, 117
2015/4/23, 104
2015/4/24, 114
2015/4/25, 121
2015/4/26, 106
2015/4/27, 97
2015/4/28, 92
2015/4/29, 77
2015/4/30, 90
2015/5/1, 110
2015/5/2, 74
2015/5/3, 97
2015/5/4, 106
2015/5/5, 108
2015/5/6, 109
2015/5/7, 114
2015/5/8, 92
2015/5/9, 80
2015/5/10, 93
2015/5/11, 74
2015/5/12, 81
2015/5/13, 78
2015/5/14, 81
2015/5/15, 87
2015/5/16, 94
2015/5/17, 101
2015/5/18, 75
2015/5/19, 64
2015/5/20, 60
2015/5/21, 53
2015/5/22, 64
2015/5/23, 57
2015/5/24, 53
2015/5/25, 58
2015/5/26, 61
2015/5/27, 59
2015/5/28, 64
2015/5/29, 60
2015/5/30, 58
2015/5/31, 69
2015/6/1, 79
2015/6/2, 64
2015/6/3, 61
2015/6/4, 66
2015/6/5, 72
2015/6/6, 75
2015/6/7, 93
2015/6/8, 55
2015/6/9, 58
2015/6/10, 45
2015/6/11, 30
2015/6/12, 44
2015/6/13, 49
2015/6/14, 64
2015/6/15, 73
2015/6/16, 72
2015/6/17, 64
2015/6/18, 60
2015/6/19, 47
2015/6/20, 32
2015/6/21, 36
2015/6/22, 57
2015/6/23, 81
2015/6/24, 70
2015/6/25, 86
2015/6/26, 92
2015/6/27, 94
2015/6/28, 94
2015/6/29, 81
2015/7/1, 79
2015/1/2, 163
2015/1/3, 165
2015/1/4, 170
2015/1/5, 159
2015/1/6, 145
2015/1/7, 154
2015/1/8, 164
2015/1/9, 169
2015/1/10, 159
2015/1/11, 164
2015/1/12, 168
2015/1/13, 170
2015/1/14, 169
2015/1/15, 174
2015/1/16, 161
2015/1/17, 152
2015/1/18, 155
2015/1/19, 162
2015/1/20, 176
2015/1/21, 168
2015/1/22, 155
2015/1/23, 138
2015/1/24, 88
2015/1/25, 129
2015/1/26, 168
2015/1/27, 152
2015/1/28, 145
2015/1/29, 156
2015/1/30, 155
2015/1/31, 154
2015/2/1, 149
2015/2/2, 209
2015/2/3, 161
2015/2/4, 163
2015/2/5, 177
2015/2/6, 180
2015/2/7, 167
2015/2/8, 165
2015/2/9, 157
2015/2/10, 160
2015/2/11, 165
2015/2/12, 172
2015/2/13, 162
2015/2/14, 172
2015/2/15, 172
2015/2/16, 171
2015/2/17, 160
2015/2/18, 163
2015/2/19, 163
2015/2/20, 162
2015/2/21, 159
2015/2/22, 182
2015/2/23, 181
2015/2/24, 192
2015/2/25, 199
2015/2/26, 156
2015/2/27, 154
2015/2/28, 137
2015/3/1, 145
2015/3/2, 113
2015/3/4, 159
2015/3/5, 153
2015/3/6, 156
2015/3/7, 241
2015/3/8, 180
2015/3/9, 155
2015/3/10, 155
2015/3/11, 152
2015/3/14, 140
2015/3/15, 165
2015/3/16, 107
2015/3/17, 100
2015/3/18, 88
2015/3/19, 152
2015/3/20, 172
2015/3/21, 168
2015/3/22, 199
2015/3/23, 189
2015/3/24, 163
2015/3/25, 148
2015/3/26, 153
2015/3/27, 179
2015/3/28, 173
2015/3/29, 181
2015/3/30, 142
2015/3/31, 142
2015/4/1, 103
2014/12/11, 181
2014/12/12, 191
2014/12/13, 184
2014/12/14, 147
2014/12/15, 139
2014/12/16, 164
2014/12/17, 160
2014/12/18, 159
2014/12/19, 163
2014/12/20, 158
2014/12/21, 158
2014/12/22, 170
2014/12/23, 186
2014/12/24, 184
2014/12/25, 194
2014/12/26, 193
2014/12/27, 173
2014/12/28, 156
2014/12/29, 162