date, pm25, o3, no2, so2, co
2020/4/2, 12, 19, , , 1
2020/4/3, 15, 19, , 1, 1
2020/4/4, 31, 17, , , 1
2020/4/5, 37, 16, , , 1
2020/4/6, 22, 15, , , 1
2020/4/7, 27, , , , 
2020/3/2, 26, 17, , , 1
2020/3/3, 15, 15, 3, , 1
2020/3/4, 36, 17, 1, , 1
2020/3/5, 15, 15, , , 1
2020/3/6, 10, 16, , , 1
2020/3/7, 14, 16, , , 1
2020/3/8, 17, 17, , , 1
2020/3/9, 14, 16, 1, , 1
2020/3/10, 16, 15, 1, , 1
2020/3/11, 20, 15, 1, , 1
2020/3/12, 21, 15, , , 1
2020/3/13, 16, 16, 3, 1, 1
2020/3/14, 31, 16, , , 1
2020/3/15, 10, 16, , , 1
2020/3/16, 14, 16, , , 1
2020/3/17, 14, 16, 4, , 1
2020/3/18, 33, 16, 1, , 1
2020/3/19, 13, 15, 3, , 1
2020/3/20, 31, 17, , , 1
2020/3/21, 13, 16, , , 1
2020/3/22, 21, 15, , , 1
2020/3/23, 16, 15, 1, , 1
2020/3/24, 24, 17, , , 1
2020/3/25, 22, 17, , , 1
2020/3/26, 22, 19, 1, , 1
2020/3/27, 30, 18, , , 1
2020/3/28, 9, 17, , , 1
2020/3/29, 20, 17, 2, , 1
2020/3/30, 25, 17, , 4, 1
2020/3/31, 22, 16, , 4, 1
2020/4/1, 13, 19, , , 1
2020/2/2, 24, 16, , , 1
2020/2/3, 11, 16, 1, , 1
2020/2/4, 15, 12, 2, , 1
2020/2/5, 19, 13, 1, , 1
2020/2/6, 14, 12, 3, , 1
2020/2/7, 25, 15, 1, , 1
2020/2/8, 15, 15, 1, , 1
2020/2/9, 20, 14, 1, , 1
2020/2/10, 16, 15, 2, , 1
2020/2/11, 16, 14, 2, , 1
2020/2/12, 18, 15, 1, , 1
2020/2/13, 22, 15, 1, , 1
2020/2/14, 19, 15, , , 1
2020/2/15, 11, 14, 1, , 1
2020/2/16, 18, 16, 1, , 1
2020/2/17, 20, 14, 2, , 1
2020/2/18, 25, 14, 1, , 1
2020/2/19, 17, 16, 1, , 1
2020/2/20, 12, 15, 1, , 1
2020/2/21, 19, 14, 2, , 1
2020/2/22, 27, 16, 2, , 1
2020/2/23, 29, 17, 2, , 1
2020/2/24, 31, 19, 2, , 1
2020/2/25, 35, 16, 4, , 2
2020/2/26, 37, 17, 2, , 1
2020/2/27, 33, 18, , , 1
2020/2/28, 27, 17, 1, , 1
2020/2/29, 19, 16, 3, , 1
2020/3/1, 29, 17, 1, , 1
2020/1/2, 17, 13, , , 1
2020/1/3, 14, 12, 2, , 2
2020/1/4, 26, 9, 3, , 2
2020/1/5, 40, 11, 1, , 1
2020/1/6, 26, 14, 1, , 1
2020/1/7, 16, 12, 4, , 2
2020/1/8, 24, 14, 2, , 1
2020/1/9, 18, 15, , , 1
2020/1/10, 18, 16, 2, , 1
2020/1/11, 21, 14, 2, , 1
2020/1/12, 27, 14, , , 1
2020/1/13, 15, 16, 1, , 1
2020/1/14, 20, 15, 3, , 2
2020/1/15, 22, 12, 7, , 2
2020/1/16, 31, 11, 4, , 1
2020/1/17, 25, 16, , , 1
2020/1/18, 21, 16, , , 1
2020/1/19, 17, 16, 1, , 1
2020/1/20, 16, 16, 1, , 1
2020/1/21, 18, 15, 2, , 1
2020/1/22, 13, 13, 6, , 2
2020/1/23, 29, 14, 6, , 2
2020/1/24, 27, 13, 4, , 2
2020/1/25, 27, 11, 7, , 2
2020/1/26, 40, 16, 5, , 2
2020/1/27, 38, 15, 1, , 1
2020/1/28, 17, 11, 3, , 2
2020/1/29, 25, 15, , , 1
2020/1/30, 11, 16, 2, , 1
2020/1/31, 16, 16, 2, , 1
2020/2/1, 14, 15, 5, , 2
2019/10/2, 16, 13, , , 
2019/10/3, 11, 10, 1, , 
2019/10/4, 11, 10, 1, , 1
2019/10/5, 10, 11, , , 
2019/10/6, 12, 11, 1, , 1
2019/10/7, 17, 14, , , 
2019/10/8, 19, 14, 1, , 1
2019/10/9, 16, 10, 2, , 1
2019/10/10, 20, 9, 3, 4, 1
2019/10/11, 22, 9, 1, , 1
2019/10/12, 16, 14, , , 
2019/10/13, 20, 12, , , 
2019/10/14, 12, 15, , , 
2019/10/15, 17, 11, 1, , 
2019/10/16, 9, 9, 1, , 1
2019/10/17, 18, 15, 1, , 1
2019/10/18, 25, 15, , , 1
2019/10/19, 31, 9, , , 
2019/10/20, 11, 11, , , 
2019/10/21, 13, 9, 2, , 1
2019/10/22, 18, 12, 1, , 1
2019/10/23, 20, 14, , , 
2019/10/24, 13, 14, 1, , 1
2019/10/25, 16, 12, 1, , 1
2019/10/26, 20, 11, 1, , 1
2019/10/27, 17, 14, , , 
2019/10/28, 12, 12, , , 
2019/10/29, 10, 14, 2, , 1
2019/10/30, 19, 12, 2, , 1
2019/10/31, 27, 14, 1, , 1
2019/11/1, 23, 18, , , 
2019/11/2, 36, 12, 1, , 1
2019/11/3, 23, 13, 1, , 1
2019/11/4, 21, 11, 3, , 1
2019/11/5, 26, 8, 2, , 1
2019/11/6, 25, 16, , , 
2019/11/7, 17, 14, 1, , 1
2019/11/8, 16, 15, , , 
2019/11/9, 14, 14, , , 
2019/11/10, 15, 13, 1, , 1
2019/11/11, 16, 13, , , 
2019/11/12, 21, 17, , , 
2019/11/13, 34, 16, , , 
2019/11/14, 12, 15, 2, , 1
2019/11/15, 22, 16, 1, , 1
2019/11/16, 21, 14, , , 
2019/11/17, 17, 14, 2, , 1
2019/11/18, 30, 14, 4, , 2
2019/11/19, 44, 16, , , 
2019/11/20, 11, 14, , , 
2019/11/21, 12, 15, , , 
2019/11/22, 16, 16, 1, , 
2019/11/23, 17, 15, , , 
2019/11/24, 13, 13, 1, , 1
2019/11/25, 25, 16, , , 
2019/11/26, 14, 12, , , 1
2019/11/27, 18, 13, , , 
2019/11/28, 24, 11, 1, , 1
2019/11/29, 24, 14, , , 
2019/11/30, 17, 16, , , 
2019/12/1, 12, 17, , , 
2019/12/2, 23, 16, 1, , 1
2019/12/3, 31, 16, 1, , 
2019/12/4, 19, 14, 1, , 1
2019/12/5, 17, 11, 4, , 2
2019/12/6, 44, 13, 1, , 1
2019/12/7, 21, 15, , , 1
2019/12/8, 14, 14, , , 1
2019/12/9, 15, 14, , , 1
2019/12/10, 23, 16, , , 1
2019/12/11, 17, 14, , , 1
2019/12/12, 11, 14, 1, , 1
2019/12/13, 17, 13, 3, , 2
2019/12/14, 34, 14, 2, , 1
2019/12/15, 18, 14, , , 1
2019/12/16, 21, 15, , , 1
2019/12/17, 20, 15, , , 1
2019/12/18, 21, 14, 1, , 1
2019/12/19, 22, 14, 1, , 1
2019/12/20, 16, 15, , , 1
2019/12/21, 20, 14, 1, , 1
2019/12/22, 14, 12, 2, , 2
2019/12/23, 23, 12, 1, , 1
2019/12/24, 19, 14, , , 1
2019/12/25, 18, 15, , , 1
2019/12/26, 11, 14, , , 1
2019/12/27, 16, 13, 1, , 1
2019/12/28, 29, 12, , , 1
2019/12/29, 13, 12, , , 1
2019/12/30, 15, , , , 
2019/7/2, 9, 7, , , 
2019/7/3, 9, 8, , , 
2019/7/4, 10, 9, , , 1
2019/7/5, 26, 11, 1, , 2
2019/7/6, 40, 17, 1, , 12
2019/7/7, 61, 10, , , 3
2019/7/8, 20, 11, , , 
2019/7/9, 20, 12, , , 
2019/7/10, 24, 8, , , 
2019/7/11, 12, 10, , , 47
2019/7/12, 19, 7, , , 
2019/7/13, 23, , , , 
2019/7/19, 14, 11, , , 1
2019/7/20, 16, 10, , , 1
2019/7/21, 23, 10, , , 1
2019/7/22, 38, 11, , , 1
2019/7/23, 31, 12, , , 1
2019/7/24, 27, 11, , , 
2019/7/25, 18, 11, , 1, 1
2019/7/26, 30, 8, , 1, 1
2019/7/27, 22, 10, , , 1
2019/7/28, 31, 10, , , 1
2019/7/29, 23, 11, , , 1
2019/7/30, 27, 11, , , 1
2019/7/31, 43, 15, , , 1
2019/8/1, 39, 14, 1, , 1
2019/8/2, 39, 11, 1, , 1
2019/8/3, 27, 12, , , 1
2019/8/4, 30, 15, , , 1
2019/8/5, 30, 8, , , 1
2019/8/6, 20, 8, , , 1
2019/8/7, 17, 8, 1, , 1
2019/8/8, 20, 11, , , 1
2019/8/9, 21, 19, , , 1
2019/8/10, 15, 14, , , 1
2019/8/11, 33, 12, , , 1
2019/8/12, 19, 8, , , 1
2019/8/13, 17, 14, 1, , 1
2019/8/14, 29, 8, 1, , 1
2019/8/15, 18, 11, 1, , 1
2019/8/16, 20, 10, 1, , 1
2019/8/17, 22, 10, , , 1
2019/8/18, 17, 9, , , 1
2019/8/19, 17, 10, , , 1
2019/8/20, 12, 12, , , 1
2019/8/21, 22, 12, 1, , 1
2019/8/22, 26, 13, , , 1
2019/8/23, 30, 12, , , 1
2019/8/24, 30, 14, , , 1
2019/8/25, 19, 8, , , 1
2019/8/26, 14, , , , 
2019/8/28, 4, 11, 1, , 1
2019/8/29, 19, 11, , , 1
2019/8/30, 23, 11, 1, , 1
2019/8/31, 18, 13, , , 1
2019/9/1, 26, 10, , , 1
2019/9/2, 21, 12, , , 1
2019/9/3, 21, 11, 1, , 1
2019/9/4, 22, 11, , , 1
2019/9/5, 17, 10, , , 1
2019/9/6, 16, 11, , 1, 1
2019/9/7, 16, 11, , , 1
2019/9/8, 20, , , , 
2019/9/10, 21, 9, 1, , 1
2019/9/11, 22, 9, 1, , 1
2019/9/12, 20, 10, , , 1
2019/9/13, 10, 11, , , 1
2019/9/14, 15, 12, 1, , 1
2019/9/15, 17, 11, , , 1
2019/9/16, 19, 7, 1, , 1
2019/9/17, 16, 10, , , 1
2019/9/18, 18, 11, , , 
2019/9/19, 16, 11, 2, , 1
2019/9/20, 16, 12, 2, , 1
2019/9/21, 21, 10, , , 1
2019/9/22, 24, 11, , , 1
2019/9/23, 17, 18, 1, , 1
2019/9/24, 39, 10, 1, , 
2019/9/25, 20, 8, 1, , 1
2019/9/26, 19, 10, , , 
2019/9/27, 10, 12, , , 
2019/9/28, 18, 6, 1, , 1
2019/9/29, 24, 10, , , 
2019/9/30, 18, 12, , , 
2019/10/1, 16, 11, 2, , 1
2019/4/2, 14, 17, , , 1
2019/4/3, 28, 18, , , 1
2019/4/4, 22, 17, , , 1
2019/4/5, 17, 17, , , 1
2019/4/6, 26, 17, 1, , 1
2019/4/7, 17, 18, , , 1
2019/4/8, 18, 15, , , 1
2019/4/9, 28, 15, 1, , 1
2019/4/10, 24, 17, 1, , 1
2019/4/11, 20, 16, , , 1
2019/4/12, 9, 18, 1, , 1
2019/4/13, 23, 17, 1, , 1
2019/4/14, 17, 16, , , 1
2019/4/15, 17, 15, 1, , 1
2019/4/16, 13, 17, , , 1
2019/4/17, 7, 18, , , 1
2019/4/18, 26, 17, 1, , 1
2019/4/19, 18, 18, , , 1
2019/4/20, 15, 15, 1, , 1
2019/4/21, 18, 17, , , 1
2019/4/22, 29, 14, , , 1
2019/4/23, 13, 13, , , 1
2019/4/24, 14, 14, , , 1
2019/4/25, 13, 17, , , 1
2019/4/26, 10, 15, , , 1
2019/4/27, 13, 17, , , 1
2019/4/28, 21, 17, , , 1
2019/4/29, 20, 15, , , 1
2019/4/30, 15, 18, , , 1
2019/5/1, 17, 13, , , 1
2019/5/2, 24, 12, , , 1
2019/5/3, 19, 14, 1, , 1
2019/5/4, 15, 16, 1, , 1
2019/5/5, 15, 16, , , 1
2019/5/6, 17, 14, 1, 1, 1
2019/5/7, 24, 15, 1, , 1
2019/5/8, 25, 13, , , 1
2019/5/9, 12, 14, , , 1
2019/5/10, 15, 14, , 2, 1
2019/5/11, 18, 13, , , 1
2019/5/12, 7, 13, , , 1
2019/5/13, 13, 15, 1, , 1
2019/5/14, 20, 16, 1, , 1
2019/5/15, 19, 16, , , 1
2019/5/16, 16, 14, 1, , 1
2019/5/17, 10, 13, 1, , 1
2019/5/18, 16, 14, , , 
2019/5/19, 18, 14, , , 
2019/5/20, 14, 13, 1, , 1
2019/5/21, 9, 15, 1, , 1
2019/5/22, 9, 14, , , 
2019/5/23, 23, 15, , , 
2019/5/24, 11, 15, 2, , 1
2019/5/25, 9, 15, , , 
2019/5/26, 10, 14, 1, , 1
2019/5/27, 18, 16, 1, , 1
2019/5/28, 12, 13, , , 
2019/5/29, 11, 15, 1, , 1
2019/5/30, 14, 16, , , 1
2019/5/31, 15, 13, , , 1
2019/6/1, 13, 12, , , 1
2019/6/2, 15, 15, , , 
2019/6/3, 9, 16, , , 1
2019/6/4, 16, 15, 1, , 1
2019/6/5, 20, 15, 1, , 1
2019/6/6, 23, 17, 1, , 1
2019/6/7, 12, 13, 1, 1, 1
2019/6/8, 11, 12, , , 
2019/6/9, 14, 10, , , 
2019/6/10, 11, 13, 1, , 
2019/6/11, 12, 11, 1, , 1
2019/6/12, 17, 12, , , 1
2019/6/13, 12, 14, 10, , 1
2019/6/14, 21, 16, , , 
2019/6/15, 14, 12, , 1, 
2019/6/16, 21, 14, , , 1
2019/6/17, 24, 13, 1, 5, 1
2019/6/18, 31, 12, 1, 1, 1
2019/6/19, 30, 13, 1, , 1
2019/6/20, 21, 13, , , 1
2019/6/21, 22, 11, , , 
2019/6/22, 15, 11, , , 
2019/6/23, 4, 10, , , 
2019/6/24, 12, 9, , , 
2019/6/25, 16, 8, , 2, 
2019/6/26, 13, 9, 1, , 1
2019/6/27, 15, 9, , , 
2019/6/28, 10, 7, , , 1
2019/6/29, 11, 9, , , 
2019/6/30, 17, 9, , , 
2019/7/1, 6, 11, , , 
2019/1/2, 20, 16, , , 1
2019/1/3, 23, 14, 6, , 3
2019/1/4, 36, 14, 7, , 3
2019/1/5, 43, 11, 2, , 2
2019/1/6, 26, 14, , , 1
2019/1/7, 11, 16, , , 1
2019/1/8, 26, 16, 2, , 1
2019/1/9, 26, 17, , , 1
2019/1/10, 12, 13, 1, , 1
2019/1/11, 22, 13, 2, , 1
2019/1/12, 20, 14, 1, , 1
2019/1/13, 24, 13, 1, , 1
2019/1/14, 26, 12, 2, , 1
2019/1/15, 26, 16, , , 1
2019/1/16, 21, 13, 3, , 1
2019/1/17, 28, 15, , , 1
2019/1/18, 20, 14, 4, , 2
2019/1/19, 35, 15, 2, , 1
2019/1/20, 27, 16, 1, , 1
2019/1/21, 17, 17, , , 1
2019/1/22, 12, 14, , , 1
2019/1/23, 12, 15, 1, , 1
2019/1/24, 19, 16, 2, , 1
2019/1/25, 15, 17, 2, , 1
2019/1/26, 21, 13, 2, , 1
2019/1/27, 31, 15, 1, , 1
2019/1/28, 29, 15, 1, , 1
2019/1/29, 20, 15, , , 1
2019/1/30, 20, 15, 1, , 1
2019/1/31, 25, 16, 1, , 1
2019/2/1, 25, 14, 1, , 1
2019/2/2, 22, 16, 1, , 1
2019/2/3, 19, 15, , , 1
2019/2/4, 21, 14, 2, , 1
2019/2/5, 25, 15, 1, , 1
2019/2/6, 19, 14, 1, , 1
2019/2/7, 19, 13, , , 1
2019/2/8, 25, 15, 1, , 1
2019/2/9, 15, 16, , , 1
2019/2/10, 16, 17, , , 1
2019/2/11, 15, 16, , , 1
2019/2/12, 16, 15, , , 1
2019/2/13, 20, 17, 2, , 1
2019/2/14, 23, 16, 1, , 1
2019/2/15, 18, 15, 2, , 1
2019/2/16, 21, 17, , , 1
2019/2/17, 15, 16, , , 1
2019/2/18, 15, 16, , , 1
2019/2/19, 13, 15, , , 1
2019/2/20, 15, 16, , , 1
2019/2/21, 23, 14, 2, , 1
2019/2/22, 25, 15, 3, , 2
2019/2/23, 32, 16, 2, , 1
2019/2/24, 17, 15, , 1, 1
2019/2/25, 18, 17, , , 1
2019/2/26, 17, 17, , , 1
2019/2/27, 28, 15, , , 1
2019/2/28, 23, 16, 1, , 1
2019/3/1, 20, 17, 1, , 1
2019/3/2, 21, 17, 1, , 1
2019/3/3, 20, 17, 1, , 1
2019/3/4, 16, 17, 4, , 1
2019/3/5, 22, 17, 3, , 1
2019/3/6, 28, 16, 7, , 2
2019/3/7, 42, 15, 3, , 1
2019/3/8, 32, 15, 3, , 1
2019/3/9, 30, 19, 1, , 1
2019/3/10, 33, 15, 2, 1, 1
2019/3/11, 26, 18, 1, , 1
2019/3/12, 16, 16, 1, , 1
2019/3/13, 23, 16, 2, , 1
2019/3/14, 22, 16, 6, , 2
2019/3/15, 38, 19, 3, , 1
2019/3/16, 28, 19, , , 1
2019/3/17, 13, 18, , , 1
2019/3/18, 20, 17, 1, , 1
2019/3/19, 22, 16, 2, , 1
2019/3/20, 23, 18, 2, , 1
2019/3/21, 26, 19, 1, , 1
2019/3/22, 28, 19, , , 1
2019/3/23, 26, 19, , , 1
2019/3/24, 21, 18, , , 1
2019/3/25, 16, 18, 1, , 1
2019/3/26, 27, 18, 1, , 1
2019/3/27, 22, 16, 1, , 1
2019/3/28, 25, 17, , , 1
2019/3/29, 28, 18, , , 1
2019/3/30, 28, 16, 1, 6, 1
2019/3/31, 22, 17, , , 1
2019/4/1, 13, 16, , , 1
2018/10/2, 14, 9, 2, 1, 1
2018/10/3, 19, 12, 1, , 1
2018/10/4, 14, 11, 1, , 
2018/10/5, 25, 11, , , 
2018/10/6, 17, 9, 1, , 1
2018/10/7, 13, 9, 1, , 1
2018/10/8, 15, 10, 1, , 1
2018/10/9, 20, 8, 2, , 1
2018/10/10, 17, 11, , , 
2018/10/11, 11, 12, , , 
2018/10/12, 14, 13, , , 
2018/10/13, 17, 11, 2, , 1
2018/10/14, 19, 11, , , 
2018/10/15, 20, 10, 2, , 1
2018/10/16, 23, 14, , , 
2018/10/17, 15, 11, 1, , 1
2018/10/18, 17, 10, 1, , 
2018/10/19, 10, 12, 1, , 1
2018/10/20, 22, 15, , , 
2018/10/21, 15, 13, , , 
2018/10/22, 17, 11, 2, , 1
2018/10/23, 16, 10, 6, , 1
2018/10/24, 26, 15, 3, , 2
2018/10/25, 18, 14, 1, , 1
2018/10/26, 15, 12, 1, , 1
2018/10/27, 14, 13, 1, , 1
2018/10/28, 21, 15, , , 1
2018/10/29, 10, 13, 1, , 1
2018/10/30, 12, 9, 2, , 1
2018/10/31, 15, 9, , , 1
2018/11/1, 13, 9, 1, , 1
2018/11/2, 17, 8, 2, , 1
2018/11/3, 18, 15, 1, , 1
2018/11/4, 13, 12, , , 1
2018/11/5, 22, 11, 1, 1, 1
2018/11/6, 33, 13, 1, , 1
2018/11/7, 15, 14, 1, , 1
2018/11/8, 20, 10, , , 1
2018/11/9, 22, 11, 1, , 1
2018/11/10, 23, 12, 1, , 1
2018/11/11, 23, 13, , , 1
2018/11/12, 25, 14, , , 1
2018/11/13, 24, 13, 1, , 1
2018/11/14, 26, 14, , , 1
2018/11/15, 18, 15, , , 1
2018/11/16, 26, 15, 2, , 1
2018/11/17, 29, 15, , , 1
2018/11/18, 14, 15, 1, , 1
2018/11/19, 19, 11, 3, , 2
2018/11/20, 19, 13, 1, , 1
2018/11/21, 13, 12, 1, , 1
2018/11/22, 15, 12, 1, , 1
2018/11/23, 22, 15, , , 1
2018/11/24, 19, 14, , , 1
2018/11/25, 22, 13, 2, , 1
2018/11/26, 27, 14, , , 1
2018/11/27, 10, 13, 1, , 1
2018/11/28, 9, 15, , , 1
2018/11/29, 10, 16, , , 1
2018/11/30, 19, 15, , , 1
2018/12/1, 32, 14, , , 1
2018/12/2, 12, 12, 2, , 1
2018/12/3, 15, 14, 2, , 1
2018/12/4, 13, 13, , , 1
2018/12/5, 13, 15, , , 1
2018/12/6, 14, 15, 1, , 1
2018/12/7, 22, 13, 3, , 2
2018/12/8, 29, 12, , , 1
2018/12/9, 21, 14, 1, , 1
2018/12/10, 15, 13, 2, , 1
2018/12/11, 23, 15, 1, , 1
2018/12/12, 20, 15, 1, , 1
2018/12/13, 25, 15, , , 1
2018/12/14, 23, 14, 1, , 1
2018/12/15, 26, 14, , , 1
2018/12/16, 13, 13, 2, , 2
2018/12/17, 26, 14, 2, , 1
2018/12/18, 19, 13, 1, , 1
2018/12/19, 9, 15, , , 1
2018/12/20, 26, 14, 1, , 1
2018/12/21, 21, 10, 4, , 2
2018/12/22, 36, 17, , , 1
2018/12/23, 18, 14, , , 1
2018/12/24, 22, 14, 1, , 1
2018/12/25, 20, 15, , , 1
2018/12/26, 17, 16, , , 1
2018/12/27, 17, 15, , , 1
2018/12/28, 21, 15, 1, , 1
2018/12/29, 23, 15, 2, , 1
2018/12/30, 10, 15, , , 1
2018/12/31, 18, , , , 
2018/7/2, 25, 11, , , 
2018/7/3, 21, 13, , , 1
2018/7/4, 23, 15, , , 1
2018/7/5, 37, 12, , , 1
2018/7/6, 32, 12, , , 
2018/7/7, 23, 12, 1, , 
2018/7/8, 20, 11, , , 
2018/7/9, 20, 13, , , 
2018/7/10, 24, 17, , , 
2018/7/11, 22, 14, , , 
2018/7/12, 28, 11, , , 
2018/7/13, 21, 8, , , 
2018/7/14, 16, 10, , , 
2018/7/15, 18, 8, , , 
2018/7/16, 19, 8, , , 
2018/7/17, 18, 17, , , 1
2018/7/18, 24, 10, , , 
2018/7/19, 8, 9, 1, 1, 
2018/7/20, 15, 10, 1, , 
2018/7/21, 25, 11, , , 
2018/7/22, 13, 10, , , 
2018/7/23, 9, 6, , , 
2018/7/24, 17, 6, , , 
2018/7/25, 19, 8, , , 
2018/7/26, 11, 9, , , 
2018/7/27, 27, 12, , , 1
2018/7/28, 17, 13, , , 1
2018/7/29, 17, 12, , , 
2018/7/30, 7, 10, , , 1
2018/7/31, 20, 10, 1, , 1
2018/8/1, 34, 11, 1, , 1
2018/8/2, 44, 12, , , 1
2018/8/3, 30, 13, , , 1
2018/8/4, 31, 12, , , 1
2018/8/5, 22, 7, , , 
2018/8/6, 8, 9, , , 
2018/8/7, 10, 13, , , 1
2018/8/8, 27, 15, , , 1
2018/8/9, 27, 11, , , 1
2018/8/10, 16, 13, , , 1
2018/8/11, 22, 9, 1, , 1
2018/8/12, 19, 8, 1, , 1
2018/8/13, 16, 9, 1, , 1
2018/8/14, 25, 10, , , 
2018/8/15, 16, 12, , , 1
2018/8/16, 11, 14, , , 1
2018/8/17, 14, 9, , , 1
2018/8/18, 14, 10, 1, , 1
2018/8/19, 17, 13, , , 1
2018/8/20, 17, 10, 1, , 1
2018/8/21, 22, 13, , , 1
2018/8/22, 18, 11, , , 1
2018/8/23, 11, 13, , , 1
2018/8/24, 14, 10, 1, , 1
2018/8/25, 33, 12, 1, , 1
2018/8/26, 50, 13, , , 1
2018/8/27, 36, 14, 1, , 1
2018/8/28, 27, 13, 1, , 1
2018/8/29, 41, 15, , , 1
2018/8/30, 29, 13, , , 1
2018/8/31, 25, 9, , , 1
2018/9/1, 15, 11, 1, , 1
2018/9/2, 26, 11, , , 1
2018/9/3, 15, 13, , , 1
2018/9/4, 13, 11, , , 1
2018/9/5, 15, 8, 1, , 1
2018/9/6, 19, 12, , , 1
2018/9/7, 18, 9, 1, , 1
2018/9/8, 19, 11, , , 1
2018/9/9, 15, 8, , , 
2018/9/10, 12, 10, 1, 1, 1
2018/9/11, 10, 10, 1, , 1
2018/9/12, 11, 13, , , 
2018/9/13, 10, 9, 2, 6, 1
2018/9/14, 21, 7, 1, , 1
2018/9/15, 30, 10, , , 1
2018/9/16, 26, 11, , , 1
2018/9/17, 18, 11, 1, , 1
2018/9/18, 16, 10, 1, , 
2018/9/19, 18, 10, , , 
2018/9/20, 13, 11, 1, 1, 1
2018/9/21, 22, 10, 1, , 1
2018/9/22, 12, 13, , , 
2018/9/23, 14, 11, 1, , 1
2018/9/24, 15, 10, , , 
2018/9/25, 13, 10, 1, , 1
2018/9/26, 11, 15, 1, , 1
2018/9/27, 10, 14, , , 
2018/9/28, 16, 11, , , 1
2018/9/29, 9, 10, , , 
2018/9/30, 11, 10, 1, , 1
2018/10/1, 17, 10, 1, , 1
2018/4/2, 20, 16, , , 1
2018/4/3, 26, 16, 1, 2, 1
2018/4/4, 19, 17, 1, , 1
2018/4/5, 17, 15, 1, , 1
2018/4/6, 17, 16, 1, , 1
2018/4/7, 22, 18, 1, , 1
2018/4/8, 20, 17, 1, , 1
2018/4/9, 23, 16, , , 1
2018/4/10, 17, 14, 1, , 1
2018/4/11, 21, 14, 2, 11, 1
2018/4/12, 30, 16, 1, 1, 1
2018/4/13, 31, 17, 1, , 1
2018/4/14, 12, 18, 1, , 1
2018/4/15, 24, 15, , , 1
2018/4/16, 34, 14, 2, 4, 1
2018/4/17, 29, 18, , , 1
2018/4/18, 15, 16, 1, , 1
2018/4/19, 22, 14, 1, , 1
2018/4/20, 21, 15, , , 1
2018/4/21, 12, 18, , , 1
2018/4/22, 15, 18, , , 1
2018/4/23, 17, 19, 2, , 1
2018/4/24, 21, 20, 1, , 1
2018/4/25, 26, 19, 1, , 1
2018/4/26, 31, 19, , , 1
2018/4/27, 20, 18, 1, , 1
2018/4/28, 18, 14, , , 1
2018/4/29, 16, 17, 1, , 1
2018/4/30, 12, 13, 1, 2, 1
2018/5/1, 13, 12, , , 1
2018/5/2, 14, 15, 1, , 1
2018/5/3, 22, 14, , , 1
2018/5/4, 24, 13, 1, , 1
2018/5/5, 17, 15, , , 1
2018/5/6, 17, 19, , , 1
2018/5/7, 18, 17, 1, , 1
2018/5/8, 19, 17, 2, , 1
2018/5/9, 19, 17, 1, , 1
2018/5/10, 17, 16, 1, , 1
2018/5/11, 18, 13, , , 1
2018/5/12, 15, 16, 2, , 1
2018/5/13, 17, 15, , , 1
2018/5/14, 16, 17, , , 1
2018/5/15, 17, 17, , , 1
2018/5/16, 12, 14, , 1, 1
2018/5/17, 23, 13, 1, , 1
2018/5/18, 20, 12, 2, , 1
2018/5/19, 22, 15, 1, , 1
2018/5/20, 16, 14, , , 1
2018/5/21, 12, 16, , , 1
2018/5/22, 13, 16, , , 1
2018/5/23, 16, 16, 1, , 1
2018/5/24, 19, 13, , , 1
2018/5/25, 13, , , , 
2018/5/29, 23, 11, 1, , 1
2018/5/30, 16, 15, 1, , 1
2018/5/31, 17, 16, 2, 1, 1
2018/6/1, 20, 16, 1, , 1
2018/6/2, 25, 13, , , 1
2018/6/3, 14, 11, , , 1
2018/6/4, 16, 12, 1, , 1
2018/6/5, 14, 14, 1, , 1
2018/6/6, 15, 16, 1, , 1
2018/6/7, 14, 13, 1, , 1
2018/6/8, 14, 17, , , 1
2018/6/9, 13, 14, 1, , 1
2018/6/10, 15, 11, 1, , 1
2018/6/11, 18, 11, , , 1
2018/6/12, 9, 13, 1, , 1
2018/6/15, 9, 11, 1, , 
2018/6/16, 15, 11, , , 
2018/6/17, 20, 13, , 1, 
2018/6/18, 13, 14, , , 
2018/6/19, 15, 15, 1, , 1
2018/6/20, 10, 12, , , 
2018/6/21, 17, 14, 1, , 
2018/6/22, 25, 12, , , 
2018/6/23, 18, 14, , , 
2018/6/24, 18, 16, , , 
2018/6/25, 11, 12, , , 
2018/6/26, 13, 11, , , 
2018/6/27, 16, 14, , , 1
2018/6/28, 21, 14, , , 
2018/6/29, 28, 13, , , 
2018/6/30, 13, 12, , , 
2018/7/1, 24, 11, , , 
2018/1/8, 13, 14, 1, , 1
2018/1/9, 17, 12, 3, 1, 2
2018/1/10, 27, 15, , , 1
2018/1/11, 23, 13, 1, , 2
2018/1/12, 21, 14, 1, , 1
2018/1/13, 23, 16, , , 1
2018/1/14, 17, 14, , , 1
2018/1/15, 14, 15, 1, 1, 1
2018/1/16, 12, 16, 1, 2, 1
2018/1/17, 14, 13, 3, , 2
2018/1/18, 13, 14, 2, 1, 1
2018/1/19, 20, 14, , 1, 1
2018/1/20, 19, 13, 1, 1, 1
2018/1/21, 23, 14, , , 1
2018/1/22, 22, 16, 1, , 1
2018/1/23, 15, 15, 4, , 2
2018/1/24, 31, 16, 1, 1, 1
2018/1/25, 12, 15, , , 1
2018/1/26, 12, 15, , , 1
2018/1/27, 11, 15, 2, , 1
2018/1/28, 21, 16, 1, , 1
2018/1/29, 32, 15, 1, , 1
2018/1/30, 18, 14, 1, 3, 1
2018/1/31, 10, 15, 1, 1, 1
2018/2/1, 14, 15, 1, , 1
2018/2/2, 12, 17, 1, 1, 1
2018/2/3, 10, 14, , , 1
2018/2/4, 14, 16, 1, , 1
2018/2/5, 16, 17, , , 1
2018/2/6, 14, 15, 2, , 1
2018/2/7, 20, 14, 1, 1, 1
2018/2/8, 20, 16, , 1, 1
2018/2/9, 13, 14, 2, , 2
2018/2/10, 24, 16, 1, , 1
2018/2/11, 24, 16, , , 1
2018/2/12, 18, 15, 1, , 1
2018/2/13, 15, 15, 1, , 1
2018/2/14, 18, 15, 1, 1, 1
2018/2/15, 31, 14, 3, , 2
2018/2/16, 36, 12, 3, , 2
2018/2/17, 30, 15, , , 1
2018/2/18, 28, 14, 1, , 1
2018/2/19, 22, 15, 3, , 2
2018/2/20, 31, 15, 3, , 1
2018/2/21, 26, 14, 1, , 1
2018/2/22, 20, 14, , , 1
2018/2/23, 21, 15, 1, , 1
2018/2/24, 21, 15, 1, , 1
2018/2/25, 16, 16, 2, 7, 1
2018/2/26, 21, 15, , , 1
2018/2/27, 14, 16, 1, , 1
2018/2/28, 16, 16, 2, , 1
2018/3/1, 19, 14, 3, 1, 2
2018/3/2, 30, 16, 1, 3, 1
2018/3/3, 15, 17, 1, 5, 1
2018/3/4, 24, 17, 1, 4, 1
2018/3/5, 21, 18, , , 1
2018/3/6, 25, 18, , , 1
2018/3/7, 18, 17, , 5, 1
2018/3/8, 18, 18, , , 1
2018/3/9, 26, 18, , , 1
2018/3/10, 18, 17, 1, , 1
2018/3/11, 24, 15, 1, , 1
2018/3/12, 17, 18, 1, , 1
2018/3/13, 18, 17, 1, , 1
2018/3/14, 25, 19, , , 2
2018/3/15, 36, 18, 1, , 1
2018/3/16, 19, 14, 1, , 1
2018/3/17, 17, , , , 
2018/3/22, 23, 16, , , 1
2018/3/23, 24, 15, 1, , 1
2018/3/24, 15, 17, , , 1
2018/3/25, 22, 17, , , 1
2018/3/26, 28, 17, , 1, 1
2018/3/27, 17, 18, , , 1
2018/3/28, 22, 18, 1, , 1
2018/3/29, 16, 17, , , 1
2018/3/30, 14, 17, 1, , 1
2018/3/31, 16, 17, 1, , 1
2018/4/1, 15, 18, 1, , 1
2017/10/2, 14, 12, 1, , 
2017/10/3, 15, 12, 1, , 1
2017/10/4, 13, 13, 1, , 1
2017/10/5, 22, 12, 1, , 1
2017/10/6, 25, 8, 1, , 1
2017/10/7, 22, 10, 1, , 1
2017/10/8, 22, 12, , , 
2017/10/9, 17, 9, 1, , 1
2017/10/10, 20, 10, 1, , 
2017/10/11, 10, 10, 2, , 
2017/10/12, 15, 12, 1, , 
2017/10/13, 13, 13, 3, , 1
2017/10/14, 19, 13, , , 1
2017/10/15, 14, 12, 1, , 1
2017/10/16, 18, 12, , , 
2017/10/17, 15, 12, 2, , 
2017/10/18, 13, 10, 1, , 1
2017/10/19, 17, 12, 1, , 1
2017/10/20, 12, 16, 1, , 1
2017/10/21, 28, 11, , , 
2017/10/22, 13, 15, 1, , 
2017/10/23, 15, 12, 2, , 1
2017/10/24, 12, 12, 2, , 1
2017/10/25, 23, 14, 1, , 1
2017/10/26, 17, 16, 1, , 1
2017/10/27, 24, 15, 2, , 2
2017/10/28, 24, 8, 2, , 1
2017/10/29, 16, 7, 1, , 1
2017/10/30, 24, 14, , , 1
2017/10/31, 15, 14, 1, , 1
2017/11/1, 32, 10, 3, , 2
2017/11/2, 26, , 4, , 4
2017/11/4, 16, 12, , , 1
2017/11/5, 15, 13, 1, , 1
2017/11/6, 18, 14, , , 1
2017/11/7, 19, 11, 1, , 1
2017/11/8, 13, 12, 1, 1, 1
2017/11/9, 12, 11, 5, , 2
2017/11/10, 18, 14, 1, , 1
2017/11/11, 14, 14, , , 1
2017/11/12, 21, 14, 3, , 2
2017/11/13, 25, 11, 5, , 2
2017/11/14, 32, 14, 2, , 1
2017/11/15, 23, 13, , , 1
2017/11/16, 18, 10, 4, 1, 2
2017/11/17, 35, 15, , , 1
2017/11/18, 16, 12, , , 1
2017/11/19, 10, 15, 1, , 1
2017/11/20, 12, 13, 1, , 1
2017/11/21, 20, 12, , , 1
2017/11/22, 21, , , , 
2017/11/24, 22, 11, 2, , 2
2017/11/25, 26, 14, 1, , 1
2017/11/26, 22, 14, 1, , 1
2017/11/27, 18, 12, 1, , 1
2017/11/28, 22, 13, 1, , 1
2017/11/29, 20, 14, 1, , 1
2017/11/30, 22, 13, 5, 1, 2
2017/12/1, 35, 12, 3, , 2
2017/12/2, 33, 11, 2, 3, 1
2017/12/3, 28, 11, , , 1
2017/12/4, 15, 11, 2, 1, 1
2017/12/5, 17, 13, 4, 1, 2
2017/12/6, 22, 15, 1, , 1
2017/12/7, 13, 12, 3, , 2
2017/12/8, 27, 11, 2, 1, 2
2017/12/9, 29, 11, 3, 1, 2
2017/12/10, 27, 13, 1, 1, 1
2017/12/11, 6, , , , 
2017/7/2, 25, 13, , , 
2017/7/3, 15, 12, , , 
2017/7/4, 24, 10, , , 
2017/7/5, 26, 10, 1, 3, 
2017/7/6, 18, 10, , , 
2017/7/7, 23, 10, , , 
2017/7/8, 15, 13, 1, , 
2017/7/9, 15, 16, , , 1
2017/7/10, 21, 11, 1, , 1
2017/7/11, 34, 17, 1, , 1
2017/7/12, 37, 13, 1, , 
2017/7/13, 29, 8, 1, 2, 1
2017/7/14, 27, 10, , , 
2017/7/15, 21, 12, , , 
2017/7/16, 19, 10, , , 
2017/7/17, 22, 10, , 1, 1
2017/7/18, 24, 13, , , 1
2017/7/19, 24, 12, , , 
2017/7/20, 23, 12, , 1, 1
2017/7/21, 35, 12, 1, , 1
2017/7/22, 38, 12, , 1, 
2017/7/23, 23, 10, , , 
2017/7/24, 19, 8, , 1, 
2017/7/25, 15, 8, , , 
2017/7/29, 18, 12, , , 1
2017/7/30, 23, 10, , , 
2017/7/31, 20, 10, , , 
2017/8/1, 24, 11, , , 1
2017/8/2, 32, 11, , , 1
2017/8/3, 24, 12, , , 1
2017/8/4, 29, 10, , , 1
2017/8/5, 28, 10, , , 1
2017/8/6, 26, 11, , , 
2017/8/7, 22, 8, 1, , 
2017/8/8, 15, 11, 1, , 1
2017/8/9, 32, 9, 1, , 
2017/8/10, 19, 14, 1, , 1
2017/8/11, 44, 11, 1, , 1
2017/8/12, 43, 13, , , 
2017/8/13, 25, 13, , , 
2017/8/14, 22, 12, 1, , 1
2017/8/15, 36, 10, 1, 2, 1
2017/8/16, 46, 13, , , 1
2017/8/17, 24, 9, 1, , 
2017/8/18, 17, 11, , , 
2017/8/19, 15, 11, , , 
2017/8/20, 20, 12, , , 
2017/8/21, 19, 9, 1, , 1
2017/8/22, 44, 15, 1, , 1
2017/8/23, 66, 17, , , 1
2017/8/24, 49, 12, 1, , 1
2017/8/25, 25, 11, , , 1
2017/8/26, 23, 8, 1, , 1
2017/8/27, 20, 9, , , 
2017/8/28, 11, 10, 1, , 1
2017/8/29, 17, 11, 1, , 1
2017/8/30, 26, 11, 1, , 1
2017/8/31, 29, 12, 3, , 1
2017/9/1, 37, 10, 1, , 1
2017/9/2, 24, 9, , , 
2017/9/3, 13, 14, , , 1
2017/9/4, 19, 13, , , 1
2017/9/5, 16, 17, , , 1
2017/9/6, 29, , , , 
2017/9/11, 12, 9, , , 
2017/9/12, 15, 9, , , 
2017/9/13, 8, 10, 1, , 1
2017/9/14, 32, 12, 1, , 1
2017/9/15, 52, 8, 1, 1, 1
2017/9/16, 23, 11, 1, , 1
2017/9/17, 35, 10, 1, 2, 
2017/9/18, 12, 9, , 1, 1
2017/9/19, 14, 10, , , 1
2017/9/20, 20, 9, 1, , 1
2017/9/21, 19, 9, , , 
2017/9/22, 18, 8, 1, 2, 1
2017/9/23, 12, 10, 1, , 1
2017/9/24, 16, 9, , 2, 1
2017/9/25, 12, 9, , 1, 1
2017/9/26, 15, 12, , 1, 1
2017/9/27, 38, 10, 1, 1, 1
2017/9/28, 12, 10, 1, 1, 1
2017/9/29, 12, 9, , , 
2017/9/30, 10, 12, 1, , 
2017/10/1, 14, 11, 1, , 1
2017/4/2, 33, 18, 1, 1, 1
2017/4/3, 35, 18, , , 
2017/4/4, 34, 18, 1, , 3
2017/4/5, 42, 17, 3, , 1
2017/4/6, 39, 17, 1, , 1
2017/4/7, 37, 18, , , 1
2017/4/8, 25, 16, 1, , 1
2017/4/9, 26, 12, , , 1
2017/4/10, 32, 15, 2, , 1
2017/4/11, 34, 19, 1, , 1
2017/4/12, 39, 16, , , 1
2017/4/13, 42, 14, 1, , 1
2017/4/14, 30, 17, 1, , 1
2017/4/15, 29, 18, 2, , 1
2017/4/16, 36, 18, 1, , 1
2017/4/17, 31, 15, , , 1
2017/4/18, 29, 15, , , 
2017/4/19, 32, 15, 2, 6, 1
2017/4/20, 36, 15, 4, , 1
2017/4/21, 39, 16, , , 1
2017/4/22, 32, 16, 2, 8, 1
2017/4/23, 48, 16, 1, , 1
2017/4/24, 25, 14, 1, 1, 1
2017/4/25, 39, 16, 1, , 1
2017/4/26, 37, 15, , , 1
2017/4/27, 39, 16, 1, , 1
2017/4/28, 30, 13, , , 1
2017/4/29, 20, 16, 1, , 1
2017/4/30, 25, 17, 1, , 1
2017/5/1, 39, 17, 1, 1, 1
2017/5/2, 40, 17, 1, , 1
2017/5/4, 22, 16, 1, , 1
2017/5/5, 24, 16, 2, , 1
2017/5/6, 32, 16, , , 
2017/5/7, 26, 16, , , 1
2017/5/8, 28, 16, 1, , 
2017/5/9, 17, 18, 1, , 1
2017/5/10, 29, 17, 1, , 1
2017/5/11, 21, 13, , , 
2017/5/12, 17, 16, , 1, 
2017/5/13, 32, 15, , , 
2017/5/14, 23, 14, 3, , 1
2017/5/15, 32, 17, , , 
2017/5/16, 28, 14, , , 
2017/5/17, 19, 13, , , 
2017/5/18, 21, 11, 2, , 1
2017/5/19, 32, 14, 2, , 1
2017/5/20, 62, 13, , , 
2017/5/21, 25, 13, , , 
2017/5/22, 25, 16, 2, , 
2017/5/23, 29, 16, 1, , 1
2017/5/24, 27, 14, 1, 3, 
2017/5/25, 23, 12, 1, 2, 
2017/5/26, 34, 15, , , 
2017/5/27, 25, 15, , , 
2017/5/28, 25, 13, , , 
2017/5/29, 34, 14, 2, 3, 1
2017/5/30, 38, 12, , , 
2017/5/31, 49, 13, , , 
2017/6/1, 24, 13, , , 
2017/6/2, 23, 14, 1, , 1
2017/6/3, 22, 14, , , 
2017/6/4, 31, 13, , , 
2017/6/5, 27, 11, 1, , 
2017/6/6, 27, 12, , , 
2017/6/7, 25, 11, 2, 3, 
2017/6/8, 26, 12, 1, , 1
2017/6/9, 29, 15, , , 
2017/6/10, 27, 15, 1, , 
2017/6/11, 25, 24, , , 1
2017/6/12, 38, 16, , , 
2017/6/13, 28, 16, 1, , 1
2017/6/14, 46, 13, , , 
2017/6/15, 27, 13, , , 
2017/6/16, 24, 11, 1, , 1
2017/6/17, 29, 14, , , 
2017/6/18, 19, 13, , , 
2017/6/19, 19, 8, , , 
2017/6/20, 19, 6, , , 
2017/6/21, 16, 12, 1, , 
2017/6/22, 23, 12, 1, , 
2017/6/23, 29, 12, , , 
2017/6/24, 32, 13, , , 
2017/6/25, 26, 12, 1, , 
2017/6/26, 24, 15, 1, , 1
2017/6/27, 36, 12, 1, , 
2017/6/28, 38, 14, 1, , 
2017/6/29, 38, 15, 1, , 
2017/6/30, 26, 16, 1, , 1
2017/7/1, 32, 17, , 1, 
2017/1/3, 36, 13, 4, , 1
2017/1/4, 36, 15, , , 1
2017/1/5, 22, 12, 1, , 1
2017/1/6, 25, 14, 2, , 1
2017/1/7, 29, 15, 1, , 1
2017/1/8, 31, 16, , , 1
2017/1/9, 25, 15, 1, , 1
2017/1/10, 25, 13, 5, , 2
2017/1/11, 40, 16, 1, , 1
2017/1/12, 26, 16, 1, , 1
2017/1/13, 17, 16, 1, , 1
2017/1/14, 23, 15, , , 1
2017/1/15, 25, 14, 1, , 1
2017/1/16, 29, 14, 3, , 1
2017/1/17, 37, 15, 1, , 1
2017/1/18, 33, 15, 7, , 1
2017/1/19, 33, 15, 5, , 2
2017/1/20, 44, 15, 2, , 1
2017/1/21, 31, 14, 1, , 1
2017/1/22, 22, 15, 2, , 1
2017/1/23, 33, 16, 1, , 1
2017/1/24, 26, 15, 1, , 3
2017/1/25, 47, 16, , , 1
2017/1/26, 24, 14, 1, , 1
2017/1/27, 22, 15, , , 1
2017/1/28, 19, 15, 1, , 1
2017/1/29, 19, 16, 1, , 1
2017/1/30, 22, 12, 4, , 2
2017/1/31, 34, 14, 1, , 1
2017/2/1, 27, 12, 4, , 2
2017/2/2, 42, 15, 2, , 1
2017/2/3, 31, 16, 1, , 1
2017/2/4, 30, 15, 3, , 1
2017/2/5, 33, 15, 1, , 1
2017/2/6, 28, 16, 1, , 1
2017/2/7, 29, 16, 1, , 1
2017/2/8, 31, 15, 4, , 2
2017/2/9, 27, 17, 1, , 1
2017/2/10, 29, 15, 1, , 1
2017/2/11, 30, 15, 1, , 1
2017/2/12, 24, 16, 5, 7, 1
2017/2/13, 38, 16, , , 1
2017/2/14, 42, 17, 2, , 1
2017/2/15, 34, 17, 1, , 1
2017/2/16, 21, 17, 1, , 1
2017/2/17, 25, 16, 1, , 1
2017/2/18, 19, 16, 1, , 1
2017/2/19, 25, 17, 1, , 1
2017/2/20, 36, 17, 3, , 1
2017/2/21, 25, 17, , , 1
2017/2/22, 23, 14, 4, 3, 2
2017/2/23, 50, 17, 4, , 2
2017/2/24, 41, 17, 1, , 1
2017/2/25, 33, 14, 1, , 1
2017/2/26, 34, 17, 1, , 1
2017/2/27, 21, 16, , , 1
2017/2/28, 33, 16, 2, , 1
2017/3/1, 37, 17, 1, , 1
2017/3/2, 25, 14, 1, , 1
2017/3/3, 21, 16, , , 1
2017/3/4, 26, 17, , , 1
2017/3/5, 26, 16, , , 1
2017/3/6, 28, 17, , , 1
2017/3/7, 33, 17, 1, , 1
2017/3/8, 28, 19, 1, , 1
2017/3/9, 17, 17, 1, , 1
2017/3/10, 25, 14, , , 1
2017/3/11, 37, 13, , , 1
2017/3/12, 33, 8, 1, , 1
2017/3/13, 43, 10, 2, , 1
2017/3/14, 45, 12, 4, , 2
2017/3/15, 42, 15, 2, , 1
2017/3/16, 53, 16, 1, , 1
2017/3/17, 32, 14, 1, , 1
2017/3/18, 26, 16, 2, , 1
2017/3/19, 25, 17, 3, 2, 1
2017/3/20, 39, 16, 1, 1, 1
2017/3/21, 25, 18, 1, , 1
2017/3/22, 27, 17, 3, , 2
2017/3/23, 37, 16, 1, , 
2017/3/24, 33, 17, 1, , 1
2017/3/25, 33, 18, 1, , 1
2017/3/26, 30, 18, , , 1
2017/3/27, 31, 16, 3, 5, 1
2017/3/28, 41, 17, 1, 1, 1
2017/3/29, 36, 17, 1, , 1
2017/3/30, 31, 18, , , 1
2017/3/31, 24, 18, , , 1
2017/4/1, 40, 18, , , 1
2016/10/2, 25, 8, 1, , 1
2016/10/3, 26, 10, 2, , 
2016/10/4, 19, 10, 1, , 1
2016/10/5, 21, 9, 2, , 1
2016/10/6, 23, 8, 2, , 1
2016/10/7, 28, 12, 1, , 1
2016/10/8, 33, 12, 1, , 1
2016/10/9, 37, 14, 1, , 
2016/10/10, 27, 11, , , 
2016/10/11, 12, , , , 
2016/10/13, 65, 13, 1, , 4
2016/10/14, 21, 13, 1, , 
2016/10/15, 22, 13, , , 
2016/10/16, 22, 12, 1, , 1
2016/10/17, 24, 12, 1, , 1
2016/10/18, 24, 9, 1, , 
2016/10/19, 15, 10, 1, , 
2016/10/20, 30, 10, 1, , 1
2016/10/21, 30, 9, 1, , 1
2016/10/22, 21, 14, , , 
2016/10/23, 14, 12, , , 
2016/10/24, 29, 12, 1, , 18
2016/10/25, 22, 9, 2, , 140
2016/10/26, 27, 11, 2, 2, 
2016/10/27, 32, 13, , , 1
2016/10/28, 19, 14, 2, , 1
2016/10/29, 21, 15, , , 
2016/10/30, 22, 13, , , 1
2016/10/31, 14, 12, 1, , 1
2016/11/1, 18, 13, , , 
2016/11/2, 21, 12, , , 
2016/11/3, 10, 12, 1, , 1
2016/11/4, 20, 6, 2, , 1
2016/11/5, 20, 9, 3, , 1
2016/11/6, 22, 11, 2, , 1
2016/11/7, 23, 13, 6, 1, 1
2016/11/8, 29, 10, 4, , 2
2016/11/9, 33, 12, 3, 1, 1
2016/11/10, 33, 11, 1, , 1
2016/11/11, 28, 14, , , 1
2016/11/12, 28, 15, 1, , 1
2016/11/13, 25, 14, 1, , 1
2016/11/14, 29, 12, 3, , 2
2016/11/15, 33, 13, 4, , 3
2016/11/16, 47, 15, 1, , 1
2016/11/17, 21, 11, 4, , 1
2016/11/18, 23, 10, 1, , 1
2016/11/19, 18, 9, , , 
2016/11/20, 16, 16, 1, , 1
2016/11/21, 15, 13, 1, , 1
2016/11/22, 20, 11, 1, , 1
2016/11/23, 20, 8, 1, , 1
2016/11/24, 23, 14, , , 
2016/11/25, 24, 15, 1, , 
2016/11/26, 24, 11, 3, , 1
2016/11/27, 30, 16, , , 
2016/11/28, 19, 14, 1, , 1
2016/11/29, 19, 13, , , 
2016/11/30, 25, 15, 2, , 1
2016/12/1, 32, 16, 1, , 1
2016/12/2, 24, 17, 1, , 1
2016/12/3, 17, 16, , , 
2016/12/4, 16, 16, , , 
2016/12/5, 21, 16, , , 
2016/12/6, 21, 15, 1, , 1
2016/12/7, 22, 16, 4, , 1
2016/12/8, 31, 11, 3, , 1
2016/12/9, 30, 9, 1, , 1
2016/12/10, 24, 14, 1, , 1
2016/12/11, 22, 16, , , 1
2016/12/12, 23, 15, 2, , 1
2016/12/13, 21, 16, 1, , 1
2016/12/14, 24, 13, 4, , 2
2016/12/15, 28, 14, 2, , 1
2016/12/16, 30, 14, , , 
2016/12/17, 27, 14, 1, , 1
2016/12/18, 29, 15, 1, , 1
2016/12/19, 19, 15, , , 1
2016/12/20, 35, 13, 4, , 2
2016/12/21, 41, 14, 3, , 1
2016/12/22, 32, 11, 2, , 1
2016/12/23, 43, 13, 1, , 1
2016/12/24, 29, 14, 1, , 1
2016/12/25, 32, 15, , , 1
2016/12/26, 29, 16, 1, , 1
2016/12/27, 28, 16, 1, , 1
2016/12/28, 23, 14, 2, , 1
2016/12/29, 28, 16, 2, , 1
2016/12/30, 29, 16, 1, , 1
2016/12/31, 43, 12, 1, , 1
2017/1/1, 40, 15, 1, , 1
2017/1/2, 35, 13, , , 1
2016/7/2, 23, 12, , , 1
2016/7/3, 25, 12, , , 1
2016/7/4, 17, 11, 1, , 1
2016/7/5, 21, 10, , , 1
2016/7/6, 33, 13, , , 
2016/7/7, 18, 10, , 1, 
2016/7/8, 20, 12, , , 1
2016/7/9, 16, 11, , , 
2016/7/10, 20, 11, , , 
2016/7/11, 16, 9, , , 
2016/7/12, 13, 11, , , 
2016/7/13, 18, 10, , , 
2016/7/14, 24, 13, , , 
2016/7/15, 26, 10, , , 1
2016/7/16, 14, 10, 1, 3, 1
2016/7/17, 36, 11, , , 
2016/7/18, 27, 14, , , 1
2016/7/19, 29, 14, , , 1
2016/7/20, 23, 9, , , 1
2016/7/21, 21, 10, 1, , 1
2016/7/22, 29, 19, , , 1
2016/7/23, 46, 17, , , 
2016/7/24, 31, 13, , , 
2016/7/25, 35, 11, , , 
2016/7/26, 40, 9, , , 
2016/7/27, 20, 10, , , 1
2016/7/28, 24, 9, , , 1
2016/7/29, 23, 11, , , 1
2016/7/30, 19, 10, , , 1
2016/7/31, 28, 8, 1, , 1
2016/8/1, 30, 8, , 3, 
2016/8/2, 25, 8, 1, , 
2016/8/3, 16, 9, , , 
2016/8/4, 22, 9, , , 
2016/8/5, 26, 10, , , 
2016/8/6, 22, 12, , , 
2016/8/7, 14, 11, , , 
2016/8/8, 17, 8, 1, , 1
2016/8/9, 22, 6, 1, , 
2016/8/10, 20, 10, , , 1
2016/8/11, 20, 13, 1, , 1
2016/8/12, 18, 8, 1, , 1
2016/8/13, 19, 9, , 1, 
2016/8/14, 15, 10, , , 
2016/8/15, 10, 9, , , 
2016/8/16, 10, 9, 1, , 1
2016/8/17, 19, 13, , , 
2016/8/18, 14, 13, , , 
2016/8/19, 8, 12, 1, , 
2016/8/20, 14, 11, , , 
2016/8/21, 12, 11, , , 
2016/8/22, 14, 10, , , 
2016/8/23, 6, 11, , , 
2016/8/24, 13, 7, , , 1
2016/8/25, 20, 16, 1, , 1
2016/8/26, 22, 12, , , 
2016/8/27, 10, 12, , , 
2016/8/28, 18, 7, , , 
2016/8/29, 15, 9, , , 
2016/8/30, 13, 9, , , 
2016/8/31, 9, 9, 1, , 1
2016/9/1, 10, 8, 1, , 1
2016/9/2, 23, 11, , , 
2016/9/3, 11, 8, 1, , 
2016/9/4, 15, 8, , , 
2016/9/5, 15, 10, , , 
2016/9/6, 11, 7, , , 
2016/9/7, 9, 9, , , 
2016/9/8, 7, 12, 1, , 1
2016/9/9, 15, 12, , , 1
2016/9/10, 12, 8, , , 
2016/9/11, 13, 9, , , 
2016/9/12, 13, 12, 1, , 
2016/9/13, 15, 11, , , 
2016/9/14, 22, 17, 1, , 
2016/9/15, 24, 13, , , 
2016/9/16, 14, 10, 1, , 
2016/9/17, 13, 11, , , 
2016/9/18, 15, 13, , , 
2016/9/19, 12, 9, 1, 1, 
2016/9/20, 24, 10, , , 
2016/9/21, 10, 10, 1, , 
2016/9/22, 19, 10, 1, , 
2016/9/23, 20, 8, 1, , 1
2016/9/24, 14, 10, 1, , 
2016/9/25, 15, 10, , , 
2016/9/26, 17, 12, , , 
2016/9/27, 12, 9, , , 
2016/9/28, 15, 11, 1, , 
2016/9/29, 15, 12, , , 
2016/9/30, 18, 11, 2, , 1
2016/10/1, 25, 11, 1, , 1
2016/4/19, 41, 14, , 2, 
2016/4/20, 32, 14, , , 
2016/4/21, 40, 17, , , 
2016/4/22, 36, 16, 1, , 
2016/4/23, 22, 14, 1, , 2
2016/4/24, 22, 14, , , 
2016/4/25, 25, 15, 1, , 2
2016/4/26, 35, 15, 1, , 1
2016/4/27, 44, 15, 1, , 
2016/4/28, 44, 14, , , 1
2016/4/29, 37, 14, 1, , 1
2016/4/30, 30, 13, 1, 5, 1
2016/5/1, 31, 14, 3, 1, 1
2016/5/2, 42, 13, , , 1
2016/5/3, 30, 15, , , 1
2016/5/4, 21, 14, , , 
2016/5/5, 28, 13, , , 1
2016/5/6, 27, 13, 1, , 1
2016/5/7, 24, 9, , , 1
2016/5/8, 29, 14, 1, , 1
2016/5/9, 30, 15, , , 1
2016/5/10, 26, 12, , , 1
2016/5/11, 26, 15, 1, , 1
2016/5/12, 22, 14, , , 
2016/5/13, 29, 13, 1, , 1
2016/5/14, 26, 14, , , 1
2016/5/15, 29, 15, , , 1
2016/5/16, 32, 12, , , 1
2016/5/17, 35, 8, , , 1
2016/5/18, 20, 13, 1, , 1
2016/5/19, 29, 14, 1, , 1
2016/5/20, 28, 13, 1, , 1
2016/5/21, 31, 15, 1, , 2
2016/5/22, 43, 19, 1, , 2
2016/5/23, 39, 18, , , 1
2016/5/24, 35, 13, , , 1
2016/5/25, 19, 14, 1, , 1
2016/5/26, 20, 13, 1, 1, 1
2016/5/27, 32, 11, 1, , 1
2016/5/28, 37, 11, 1, , 1
2016/5/29, 23, 11, , , 
2016/5/30, 30, 14, , , 1
2016/5/31, 26, 12, 1, , 1
2016/6/1, 35, 12, , , 1
2016/6/2, 37, 13, 1, 3, 1
2016/6/3, 37, 13, , , 1
2016/6/14, 21, 8, , , 
2016/6/15, 17, 8, , , 
2016/6/16, 12, 9, , , 
2016/6/17, 15, 11, , , 
2016/6/18, 20, 11, , , 1
2016/6/19, 18, 14, , , 1
2016/6/20, 27, 14, , , 1
2016/6/21, 26, 14, , , 1
2016/6/22, 21, 17, , , 1
2016/6/23, 33, 14, , , 1
2016/6/24, 31, 10, 1, , 1
2016/6/25, 27, 11, , , 1
2016/6/26, 23, 16, , , 
2016/6/27, 20, 13, , , 1
2016/6/28, 22, 15, , , 1
2016/6/29, 21, 8, , , 1
2016/6/30, 14, 8, , , 1
2016/7/1, 10, 10, , , 1
2020/1/1, , 17, 1, , 1
2019/7/18, , 11, , , 1
2019/8/27, , 15, , , 1
2019/9/9, , 9, 1, , 1
2019/1/1, , 15, 2, , 1
2018/5/28, , 13, , , 1
2018/6/13, , 15, 1, , 1
2018/6/14, , 10, , , 3
2018/1/7, , 14, , , 1
2018/3/21, , 15, 3, 6, 1
2017/11/3, , 13, , , 1
2017/11/23, , 14, , , 1
2017/7/26, , 8, , 1, 
2017/7/27, , 9, 1, , 1
2017/7/28, , 13, , , 
2017/9/10, , 8, , , 
2017/5/3, , 14, , , 1
2016/10/12, , 11, 1, , 9
2016/4/18, , 15, 1, , 1
2016/6/4, , 12, , , 
2016/6/5, , 13, , , 
2016/6/6, , 12, , , 1
2016/6/7, , 12, , , 1
2016/6/8, , 9, , , 
2016/6/9, , 6, 1, , 1
2016/6/10, , 11, , , 1
2016/6/11, , 11, , , 1
2016/6/12, , 13, , , 1
2016/6/13, , 12, 1, , 1