date, pm25, pm10, no2, so2, co
2020/4/2, 15, 6, 3, , 2
2020/4/3, 12, 7, 4, , 2
2020/4/4, 15, 6, 2, , 2
2020/4/5, 14, 6, 3, , 2
2020/4/6, 13, 6, 4, , 2
2020/4/7, 10, , , , 
2020/3/2, 31, 68, 3, , 
2020/3/3, 15, 12, 4, , 2
2020/3/4, 13, 12, 7, , 3
2020/3/5, 13, 13, 7, 1, 3
2020/3/6, 15, 10, 3, , 2
2020/3/7, 19, 12, 2, 1, 2
2020/3/8, 17, 14, 1, , 2
2020/3/9, 17, 13, 2, , 2
2020/3/10, 10, 14, 3, , 2
2020/3/11, 11, 10, 7, , 2
2020/3/12, 11, 5, 5, , 2
2020/3/13, 10, 7, 5, , 2
2020/3/14, 14, 10, 2, , 2
2020/3/15, 10, 4, 1, , 2
2020/3/16, 7, 13, 2, , 2
2020/3/17, 18, 8, 4, , 2
2020/3/18, 12, 8, 5, , 2
2020/3/19, 14, 7, 4, , 2
2020/3/20, 19, 10, 2, , 2
2020/3/21, 20, 9, 3, , 2
2020/3/22, 18, 11, 2, , 2
2020/3/23, 13, 17, 1, , 2
2020/3/24, 28, 13, 1, , 1
2020/3/25, 18, 14, 1, , 2
2020/3/26, 26, 13, 1, , 1
2020/3/27, 21, 10, 2, , 2
2020/3/28, 17, 11, 1, , 2
2020/3/29, 19, 9, 1, , 2
2020/3/30, 18, 14, 1, , 2
2020/3/31, 25, 12, 2, , 2
2020/4/1, 18, 9, 2, , 2
2020/2/2, 19, , 2, , 
2020/2/3, 11, 28, 4, 1, 
2020/2/4, 17, 16, 6, , 
2020/2/5, 17, 12, 8, , 1
2020/2/6, 19, 10, 4, , 
2020/2/7, 18, 15, 6, 2, 
2020/2/8, 22, 15, 4, 2, 
2020/2/9, 21, 20, 5, 5, 
2020/2/10, 25, 16, 4, 2, 
2020/2/11, 21, 15, 4, 2, 
2020/2/12, 17, 13, 5, , 
2020/2/13, 10, 14, 3, , 
2020/2/14, 22, 19, 3, , 
2020/2/15, 24, 17, 2, , 
2020/2/16, 23, 13, 1, 1, 
2020/2/17, 17, 11, 2, , 
2020/2/18, 11, 13, 3, , 
2020/2/19, 16, 14, 2, , 
2020/2/20, 19, 12, 2, , 
2020/2/21, 20, 11, 3, , 
2020/2/22, 19, 14, 3, , 
2020/2/23, 15, 14, 5, 4, 
2020/2/24, 18, 10, 5, 2, 
2020/2/25, 13, 9, 2, , 
2020/2/26, 12, 14, 2, 1, 
2020/2/27, 16, 16, 2, , 
2020/2/28, 22, 14, 3, , 
2020/2/29, 21, 16, 1, , 
2020/3/1, 27, 20, 1, , 
2020/1/2, 45, 8, 5, , 1
2020/1/3, 12, 10, 2, , 
2020/1/4, 16, 9, 2, , 1
2020/1/5, 8, 13, 2, , 
2020/1/6, 20, 14, 3, , 
2020/1/7, 21, 16, 3, , 
2020/1/8, 17, 15, 2, , 
2020/1/9, 24, 16, 2, , 
2020/1/10, 28, 14, 3, , 
2020/1/11, 20, 9, 3, , 
2020/1/12, 19, 9, 3, , 1
2020/1/13, 19, 16, 2, , 
2020/1/14, 31, 18, 4, 1, 
2020/1/15, 23, 16, 4, 2, 1
2020/1/16, 20, 16, 7, 2, 1
2020/1/17, 18, 14, 3, 2, 
2020/1/18, 20, 14, 2, 2, 
2020/1/19, 17, 12, 2, 2, 
2020/1/20, 21, 12, 3, 2, 
2020/1/21, 18, 18, 6, 2, 1
2020/1/22, 26, 14, 10, 2, 1
2020/1/23, 21, 13, 9, , 1
2020/1/24, 15, 11, 8, 4, 1
2020/1/25, 17, 8, 4, 2, 
2020/1/26, 16, 9, 4, 2, 
2020/1/27, 13, 14, 5, 2, 
2020/1/28, 16, 17, 9, 1, 1
2020/1/29, 20, 13, 6, 2, 1
2020/1/30, 14, 14, 10, 3, 1
2020/1/31, 17, 6, 6, 1, 
2020/2/1, 17, , 3, , 
2019/10/2, 12, 10, 3, , 1
2019/10/3, 11, 11, 3, , 
2019/10/4, 14, 12, 3, , 
2019/10/5, 13, 8, 2, , 
2019/10/6, 7, 9, 3, , 
2019/10/7, 13, 9, 4, 2, 1
2019/10/8, 17, 8, 3, , 1
2019/10/9, 7, 7, 5, 1, 2
2019/10/10, 9, 7, 3, , 2
2019/10/11, 11, 10, 4, , 2
2019/10/12, 11, 15, 2, , 2
2019/10/13, 15, 10, 3, , 2
2019/10/14, 11, 17, 3, , 2
2019/10/15, 13, 10, 2, 1, 2
2019/10/16, 11, 11, 4, 2, 2
2019/10/17, 10, 11, 4, 2, 2
2019/10/18, 10, 12, 3, 3, 2
2019/10/19, 8, 13, 2, 2, 2
2019/10/20, 11, 11, 4, 2, 2
2019/10/21, 11, 15, 4, 2, 2
2019/10/22, 16, 17, 3, 2, 2
2019/10/23, 17, 15, 3, 2, 2
2019/10/24, 14, 14, 4, 2, 2
2019/10/25, 17, 12, 5, 2, 2
2019/10/26, 13, 11, 4, 2, 2
2019/10/27, 15, 8, 3, 1, 1
2019/10/28, 10, 13, 3, 1, 1
2019/10/29, 16, 8, 5, , 2
2019/10/30, 13, 8, 7, , 2
2019/10/31, 13, 8, 7, , 2
2019/11/1, 13, 7, 5, , 2
2019/11/2, 9, 6, 5, , 2
2019/11/3, 12, 5, 4, 1, 1
2019/11/4, 9, 6, 6, , 2
2019/11/5, 9, 14, 7, , 2
2019/11/6, 12, 13, 3, , 1
2019/11/7, 9, 11, 3, , 1
2019/11/8, 8, 10, 7, , 2
2019/11/9, 12, 10, 9, 2, 2
2019/11/10, 13, 11, 4, 2, 1
2019/11/11, 14, 9, 5, 2, 2
2019/11/12, 15, 9, 5, 1, 1
2019/11/13, 12, 10, 6, , 1
2019/11/14, 9, 12, 7, , 2
2019/11/15, 11, 11, 6, , 2
2019/11/16, 8, 11, 6, , 2
2019/11/17, 15, 10, 3, , 1
2019/11/18, 10, 13, 4, , 1
2019/11/19, 10, 16, 5, , 1
2019/11/20, 11, 15, 4, , 1
2019/11/21, 9, 13, 3, , 1
2019/11/22, 15, 18, 2, , 1
2019/11/23, 15, 15, 3, , 1
2019/11/24, 19, 17, 3, , 1
2019/11/25, 17, 17, 3, , 1
2019/11/26, 11, 21, 5, , 1
2019/11/27, 18, 18, 2, , 1
2019/11/28, 17, 16, 2, , 1
2019/11/29, 17, 13, 2, , 1
2019/11/30, 15, 14, 2, , 1
2019/12/1, 12, 9, 1, , 1
2019/12/2, 11, 7, 3, 1, 1
2019/12/3, 9, 10, 3, , 1
2019/12/4, 9, 9, 4, , 1
2019/12/5, 8, 9, 3, 1, 1
2019/12/6, 9, 10, 5, , 1
2019/12/7, 7, 9, 5, , 1
2019/12/8, 10, 9, 5, , 1
2019/12/9, 12, 12, 7, , 2
2019/12/10, 11, 12, 10, 1, 1
2019/12/11, 9, 13, 9, 1, 1
2019/12/12, 13, 13, 8, 2, 1
2019/12/13, 17, 13, 4, 2, 1
2019/12/14, 13, 12, 3, 1, 1
2019/12/15, 10, 11, 2, , 1
2019/12/16, 10, 10, 2, , 1
2019/12/17, 13, 15, 2, 1, 
2019/12/18, 11, 17, 4, , 
2019/12/19, 14, 13, 3, 1, 
2019/12/20, 14, 11, 3, , 
2019/12/21, 16, 14, 2, , 1
2019/12/22, 24, 16, 2, 1, 1
2019/12/23, 20, 20, 5, 2, 1
2019/12/24, 18, 21, 2, , 1
2019/12/25, 26, 18, 5, , 1
2019/12/26, 25, 8, 8, 1, 1
2019/12/27, 14, 10, 2, , 1
2019/12/28, 8, 10, 3, , 1
2019/12/29, 10, 14, 3, , 1
2019/12/30, 18, , , , 
2019/7/2, 11, 8, 3, 1, 
2019/7/3, 14, 7, 4, , 
2019/7/4, 11, 6, 3, , 
2019/7/5, 12, 5, 3, , 
2019/7/6, 11, 7, 3, 2, 
2019/7/7, 13, 10, 2, 2, 
2019/7/8, 14, 8, 3, 2, 
2019/7/9, 17, 8, 3, 3, 
2019/7/10, 13, 9, 3, 2, 
2019/7/11, 13, 11, 3, 2, 
2019/7/12, 15, 10, 3, 2, 
2019/7/13, 17, 7, 3, 2, 
2019/7/14, 9, 8, 2, 2, 
2019/7/15, 10, 3, 2, 2, 
2019/7/16, 8, 9, 3, 2, 2
2019/7/17, 14, 14, 4, 2, 2
2019/7/18, 15, 18, 3, 2, 2
2019/7/19, 18, 10, 3, 2, 2
2019/7/20, 19, 9, 2, 2, 2
2019/7/21, 15, 9, 2, 2, 2
2019/7/22, 14, 12, 3, 2, 2
2019/7/23, 13, 20, 4, 2, 2
2019/7/24, 16, 20, 3, 2, 2
2019/7/25, 21, 15, 3, 1, 2
2019/7/26, 14, 11, 2, , 2
2019/7/27, 13, 11, 2, 1, 2
2019/7/28, 12, 11, 1, 2, 1
2019/7/29, 12, 11, 3, , 2
2019/7/30, 12, 11, 2, , 1
2019/7/31, 11, 12, 2, , 1
2019/8/1, 11, 11, 2, , 1
2019/8/2, 12, 12, 2, , 2
2019/8/3, 19, 11, 2, , 2
2019/8/4, 19, 7, 3, , 1
2019/8/5, 16, 7, 3, , 1
2019/8/6, 10, 7, 5, , 2
2019/8/7, 13, 9, 3, , 2
2019/8/8, 18, 12, 6, 2, 2
2019/8/9, 19, 8, 4, 2, 2
2019/8/10, 15, 9, 3, 1, 1
2019/8/11, 12, 9, 3, 1, 1
2019/8/12, 19, 15, 3, 2, 1
2019/8/13, 12, 12, 4, 2, 1
2019/8/14, 15, 15, 4, 1, 1
2019/8/15, 16, 15, 4, , 1
2019/8/16, 15, 12, 3, , 1
2019/8/17, 12, 12, 3, , 1
2019/8/18, 14, 9, 2, , 1
2019/8/19, 14, 10, 2, 1, 1
2019/8/20, 13, 10, 2, , 1
2019/8/21, 12, 8, 2, , 1
2019/8/22, 8, 9, 2, , 1
2019/8/23, 8, 6, 3, 1, 1
2019/8/24, 10, 11, 4, , 1
2019/8/25, 14, 14, 3, , 1
2019/8/26, 17, 9, 3, , 1
2019/8/27, 15, 7, 2, , 1
2019/8/28, 9, 6, 3, , 1
2019/8/29, 11, 6, 4, , 1
2019/8/30, 11, 9, 3, , 1
2019/8/31, 9, 7, 2, , 1
2019/9/1, 10, 3, 1, , 1
2019/9/2, 10, 9, 1, , 1
2019/9/3, 11, 11, 3, , 1
2019/9/4, 15, 10, 3, , 1
2019/9/5, 14, 13, 3, , 1
2019/9/6, 17, 16, 3, , 1
2019/9/7, 18, 20, 2, , 1
2019/9/8, 19, 16, 3, 1, 1
2019/9/9, 19, 18, 3, , 1
2019/9/10, 20, 14, 3, 1, 1
2019/9/11, 14, 11, 2, 1, 1
2019/9/12, 14, 10, 2, 1, 1
2019/9/13, 11, 6, 5, 2, 1
2019/9/14, 14, 5, 3, 2, 1
2019/9/15, 17, 8, 4, 2, 1
2019/9/16, 14, 8, 3, , 1
2019/9/17, 12, 11, 4, , 1
2019/9/18, 15, 10, 3, , 1
2019/9/19, 13, 9, 3, , 1
2019/9/20, 10, 12, 3, , 1
2019/9/21, 10, 11, 2, , 1
2019/9/22, 12, 9, 3, 1, 1
2019/9/23, 12, 6, 4, , 1
2019/9/24, 8, 14, 5, 1, 1
2019/9/25, 12, 6, 6, 1, 1
2019/9/26, 12, 8, 5, 1, 1
2019/9/27, 13, 8, 5, 1, 1
2019/9/28, 12, 7, 2, , 1
2019/9/29, 10, 10, 3, , 
2019/9/30, 11, 6, 3, , 
2019/10/1, 8, 12, 2, , 
2019/4/2, 8, 16, 3, 1, 1
2019/4/3, 13, 15, 4, 2, 1
2019/4/4, 14, 16, 3, 1, 1
2019/4/5, 12, 17, 6, 1, 1
2019/4/6, 9, 12, 6, 1, 1
2019/4/7, 9, 10, 2, , 1
2019/4/8, 10, 11, 2, 1, 1
2019/4/9, 9, 10, 2, 2, 1
2019/4/10, 5, 15, 3, 2, 2
2019/4/11, 6, 18, 2, 2, 2
2019/4/12, 12, 17, 2, 2, 2
2019/4/13, 18, 21, 2, 2, 2
2019/4/14, 21, 20, 1, 2, 1
2019/4/15, 20, 13, 2, , 2
2019/4/16, 7, 12, 4, , 2
2019/4/17, 6, 6, 3, , 2
2019/4/18, 5, 9, 3, , 2
2019/4/19, 6, 10, 3, , 1
2019/4/20, 7, 12, 3, , 1
2019/4/21, 8, 9, 2, , 1
2019/4/22, 7, 12, 3, , 2
2019/4/23, 9, 15, 4, 1, 2
2019/4/24, 11, 16, 3, , 1
2019/4/25, 11, 7, 2, , 1
2019/4/26, 5, 6, 3, , 1
2019/4/27, 7, 5, 5, , 1
2019/4/28, 9, 4, 7, , 1
2019/4/29, 8, 5, 5, , 2
2019/4/30, 12, 5, 3, , 1
2019/5/1, 7, 6, 3, , 1
2019/5/2, 5, 6, 3, , 1
2019/5/3, 5, 5, 7, , 1
2019/5/4, 7, 8, 3, 1, 1
2019/5/5, 9, 10, 3, 1, 1
2019/5/6, 9, 11, 4, 1, 1
2019/5/7, 7, 4, 5, , 1
2019/5/9, 5, 3, 6, , 1
2019/5/21, 19, 12, 6, 1, 1
2019/5/22, 20, 15, 4, 1, 1
2019/5/23, 18, 12, 5, , 1
2019/5/24, 18, 10, 4, , 1
2019/5/25, 18, 10, 2, , 
2019/5/26, 17, 10, 2, , 
2019/5/27, 16, 9, 2, , 
2019/5/28, 11, 8, 5, , 1
2019/5/29, 16, 9, 3, , 1
2019/5/30, 13, 10, 3, , 
2019/5/31, 12, 11, 3, , 
2019/6/1, 18, 10, 2, , 
2019/6/2, 12, 10, 2, , 
2019/6/3, 17, 14, 3, 1, 
2019/6/4, 13, 7, 3, 1, 
2019/6/5, 13, 13, 3, , 
2019/6/6, 18, 11, 3, , 
2019/6/7, 19, 9, 3, 2, 
2019/6/8, 16, 9, 2, 2, 
2019/6/9, 12, 10, 3, , 
2019/6/10, 17, 9, 4, , 
2019/6/11, 16, 10, 2, , 
2019/6/12, 15, 11, 3, 1, 
2019/6/13, 13, 10, 3, 1, 
2019/6/14, 13, 9, 3, , 
2019/6/15, 12, 10, 2, 1, 1
2019/6/16, 10, 10, 2, 1, 
2019/6/17, 13, 9, 3, , 1
2019/6/18, 12, 10, 3, , 1
2019/6/19, 19, 11, 3, , 1
2019/6/20, 19, 7, 3, , 1
2019/6/21, 12, 5, 3, 1, 
2019/6/22, 13, 4, 4, 1, 
2019/6/23, 11, 9, 2, 2, 
2019/6/24, 16, 5, 3, 2, 
2019/6/25, 18, 5, 4, 1, 
2019/6/26, 11, 4, 3, 1, 
2019/6/27, 11, 11, 2, 1, 
2019/6/28, 16, 7, 3, 1, 
2019/6/29, 22, 7, 3, 2, 
2019/6/30, 16, 6, 2, 2, 
2019/7/1, 8, 7, 4, 2, 
2019/1/2, 19, 19, 3, , 
2019/1/3, 12, 17, 3, 1, 
2019/1/4, 10, 16, 2, , 
2019/1/5, 11, 17, 2, , 
2019/1/6, 11, 14, 4, 7, 
2019/1/7, 14, 16, 7, , 1
2019/1/8, 11, 12, 6, , 
2019/1/9, 6, 11, 6, , 1
2019/1/10, 11, 10, 7, 1, 
2019/1/11, 9, 12, 9, 1, 1
2019/1/12, 9, 10, 5, 1, 
2019/1/13, 10, 10, 3, , 
2019/1/14, 11, 14, 7, 1, 1
2019/1/15, 11, 16, 9, 2, 1
2019/1/16, 13, 20, 9, 1, 2
2019/1/17, 20, 18, 5, 1, 
2019/1/18, 10, 26, 3, , 
2019/1/19, 12, 34, 3, , 
2019/1/20, 11, 14, 4, , 
2019/1/21, 11, 19, 7, , 1
2019/1/22, 10, 21, 5, , 
2019/1/23, 13, 20, 7, , 1
2019/1/24, 12, 14, 6, , 1
2019/1/25, 13, 16, 8, 2, 1
2019/1/26, 12, 22, 2, , 
2019/1/27, 19, 16, 1, , 
2019/1/28, 13, 26, 3, , 
2019/1/29, 16, 21, 2, , 
2019/1/30, 16, 12, 2, , 
2019/1/31, 15, 11, 2, , 
2019/2/1, 17, 5, 3, , 
2019/2/2, 8, 8, 2, , 
2019/2/3, 7, 7, 1, , 
2019/2/4, 9, 6, 2, 1, 
2019/2/5, 6, 10, 7, 1, 
2019/2/6, 10, 7, 7, 1, 1
2019/2/7, 10, 7, 8, , 
2019/2/8, 10, 15, 4, 1, 
2019/2/9, 14, 25, 6, 7, 
2019/2/10, 22, 26, 3, 2, 
2019/2/11, 27, 14, 8, 2, 
2019/2/12, 12, 12, 3, 1, 
2019/2/13, 11, 12, 3, , 
2019/2/14, 11, 8, 2, , 
2019/2/15, 9, 13, 3, 1, 
2019/2/16, 10, 14, 2, 1, 
2019/2/17, 12, 13, 1, 2, 
2019/2/18, 10, 10, 3, , 
2019/2/19, 12, 7, 6, , 
2019/2/20, 9, 10, 10, 2, 1
2019/2/21, 11, 11, 8, 2, 1
2019/2/22, 16, 13, 8, 2, 1
2019/2/23, 15, 14, 8, 1, 
2019/2/24, 14, 5, 1, 1, 
2019/2/25, 10, 7, 3, , 
2019/2/26, 9, 8, 2, , 2
2019/2/27, 9, 12, 2, , 2
2019/2/28, 7, 15, 3, , 2
2019/3/1, 13, 7, 4, , 2
2019/3/2, 17, 3, 3, , 2
2019/3/4, 13, 8, 2, , 2
2019/3/5, 9, 9, 2, , 2
2019/3/7, 7, 7, 3, , 2
2019/3/8, 5, 10, 2, , 2
2019/3/9, 5, 9, 1, , 2
2019/3/10, 5, 12, 1, , 2
2019/3/11, 9, 31, 3, 1, 2
2019/3/12, 42, 11, 2, , 2
2019/3/13, 13, 6, 2, , 2
2019/3/14, 9, 8, 3, , 2
2019/3/15, 5, 10, 3, , 2
2019/3/16, 8, 9, 6, 2, 2
2019/3/18, 19, 14, 3, , 2
2019/3/19, 7, 14, 4, , 2
2019/3/20, 7, 13, 8, , 2
2019/3/21, 13, 9, 3, 1, 2
2019/3/22, 9, 6, 3, 1, 1
2019/3/23, 5, 9, 2, , 1
2019/3/24, 5, 8, 2, , 1
2019/3/25, 7, 12, 2, , 2
2019/3/26, 9, 13, 2, , 1
2019/3/27, 12, 10, 4, , 2
2019/3/28, 7, 7, 6, 1, 2
2019/3/29, 7, 10, 5, 1, 1
2019/3/30, 6, 17, 2, 1, 1
2019/3/31, 11, 8, 4, 1, 1
2019/4/1, 9, 13, 4, 1, 1
2018/10/2, 5, 10, 4, 1, 
2018/10/3, 9, 10, 3, 1, 
2018/10/5, 8, 7, 5, 1, 
2018/10/6, 8, 10, 3, , 
2018/10/7, 11, 6, 3, 1, 
2018/10/8, 9, 15, 3, 1, 
2018/10/9, 8, 10, 2, 1, 
2018/10/10, 10, 11, 2, 1, 
2018/10/11, 6, 12, 2, , 
2018/10/12, 7, 7, 4, , 2
2018/10/13, 10, 7, 6, 1, 2
2018/10/14, 10, 9, 5, 3, 2
2018/10/15, 13, 8, 2, 1, 2
2018/10/16, 9, 8, 2, 1, 2
2018/10/17, 9, 11, 3, 1, 2
2018/10/18, 5, 9, 3, 2, 2
2018/10/19, 7, 10, 4, 1, 2
2018/10/20, 7, 7, 1, , 2
2018/10/21, 6, 9, 1, 1, 2
2018/10/22, 5, 10, 2, , 2
2018/10/23, 13, 13, 2, , 2
2018/10/24, 9, 12, 3, , 2
2018/10/25, 7, 17, 2, , 2
2018/10/26, 6, 10, 2, , 2
2018/10/27, 5, 12, 2, , 2
2018/10/28, 6, 9, 2, , 2
2018/10/29, 11, 13, 5, , 1
2018/10/30, 11, 5, 4, , 1
2018/10/31, 9, 8, 5, , 1
2018/11/1, 8, 9, 3, , 1
2018/11/2, 5, 11, 3, , 1
2018/11/3, 7, 10, 2, , 1
2018/11/4, 9, 12, 2, , 1
2018/11/5, 10, 10, 2, , 1
2018/11/6, 7, 10, 4, , 1
2018/11/7, 10, 8, 5, , 1
2018/11/8, 14, 7, 5, , 1
2018/11/9, 10, 10, 6, , 1
2018/11/10, 10, 10, 1, , 1
2018/11/11, 13, 7, 1, , 1
2018/11/12, 13, 12, 2, 1, 1
2018/11/13, 11, 10, 3, , 1
2018/11/14, 7, 10, 4, , 1
2018/11/15, 7, 10, 7, 1, 1
2018/11/16, 7, 13, 3, , 1
2018/11/17, 6, 10, 1, , 1
2018/11/18, 10, 8, 1, , 1
2018/11/19, 5, 8, 3, , 1
2018/11/20, 7, 9, 3, , 1
2018/11/21, 7, 11, 4, , 1
2018/11/22, 8, 15, 3, , 1
2018/11/23, 15, 14, 6, 1, 1
2018/11/24, 13, 17, 4, , 1
2018/11/25, 12, 13, 5, 1, 1
2018/11/26, 14, 14, 6, 1, 1
2018/11/27, 11, 13, 3, 2, 1
2018/11/28, 33, 19, 5, 2, 
2018/11/29, 10, 13, 7, 1, 1
2018/11/30, 11, 11, 5, 2, 1
2018/12/1, 9, 10, 4, 2, 
2018/12/2, 10, 5, 2, 1, 
2018/12/3, 10, 10, 5, 2, 
2018/12/4, 10, 18, 4, 3, 
2018/12/5, 15, 21, 5, 2, 
2018/12/6, 18, 18, 5, 2, 
2018/12/7, 16, 14, 3, , 
2018/12/8, 13, 9, 2, , 
2018/12/9, 11, 12, 1, , 
2018/12/10, 10, 12, 4, , 
2018/12/11, 10, 17, 4, , 
2018/12/12, 13, 25, 5, , 
2018/12/13, 13, 19, 3, , 
2018/12/14, 11, 22, 2, , 
2018/12/15, 6, 9, 2, , 
2018/12/16, 9, 11, 2, 1, 
2018/12/17, 8, 21, 7, 2, 
2018/12/18, 9, 15, 8, 2, 
2018/12/19, 9, 21, 3, , 
2018/12/20, 9, 13, 3, , 
2018/12/21, 9, 20, 4, , 
2018/12/22, 16, 13, 2, , 
2018/12/23, 6, 11, 2, , 
2018/12/24, 9, 8, 3, , 
2018/12/25, 8, 6, 2, , 
2018/12/26, 10, 10, 8, , 
2018/12/27, 9, 12, 6, , 1
2018/12/28, 12, 13, 9, , 
2018/12/29, 14, 11, 2, , 
2018/12/30, 10, 13, 2, , 
2018/12/31, 11, , , , 
2018/7/2, 5, 11, , 3, 1
2018/7/3, 31, 5, , 1, 1
2018/7/4, 14, 11, , , 1
2018/7/5, 9, 9, , 1, 1
2018/7/6, 10, 14, , 1, 
2018/7/11, 17, 11, , 1, 
2018/7/12, 8, 16, , 1, 
2018/7/13, 13, 20, , , 
2018/7/14, 23, 8, , , 
2018/7/15, 18, 11, , , 
2018/7/16, 23, 13, , , 
2018/7/17, 15, 12, , , 
2018/7/18, 19, 11, , , 
2018/7/19, 19, 13, , , 
2018/7/20, 18, 12, , , 
2018/7/21, 11, 11, , , 
2018/7/22, 12, 5, , , 
2018/7/23, 6, 10, , , 
2018/7/24, 23, 9, , , 
2018/7/25, 15, 9, , , 
2018/7/26, 8, 4, , , 
2018/7/27, 16, 12, , 1, 
2018/7/28, 14, 9, , , 
2018/7/29, 11, 9, , , 
2018/7/30, 14, 10, , 1, 
2018/7/31, 22, 10, , 1, 
2018/8/1, 19, 16, , , 
2018/8/2, 22, 13, , , 
2018/8/3, 13, 9, , , 
2018/8/4, 11, 10, , 1, 
2018/8/5, 10, 4, , 1, 
2018/8/6, 10, 10, , , 
2018/8/7, 11, 9, , 1, 
2018/8/8, 9, 8, , , 
2018/8/9, 8, 6, , 1, 
2018/8/10, 8, 10, , , 
2018/8/11, 15, 7, , , 
2018/8/12, 11, 10, , 1, 
2018/8/13, 15, 14, , 1, 
2018/8/14, 14, 13, , 1, 
2018/8/15, 9, 9, 4, , 
2018/8/16, 10, 10, 3, , 
2018/8/17, 8, 8, 2, , 
2018/8/18, 8, 2, 1, , 
2018/8/19, 9, 5, 3, , 
2018/8/20, 11, 6, 2, , 
2018/8/21, 9, 11, 2, , 
2018/8/22, 12, 10, 3, , 
2018/8/23, 13, , , , 
2018/8/29, 15, 20, 3, , 2
2018/8/30, 15, 18, 4, , 1
2018/8/31, 14, 16, 2, , 1
2018/9/1, 9, 14, 1, , 1
2018/9/2, 7, 5, 4, , 2
2018/9/3, 5, 9, 5, , 2
2018/9/4, 10, 14, 2, , 1
2018/9/5, 11, 16, 3, 1, 1
2018/9/6, 16, 21, 2, 1, 1
2018/9/7, 12, 23, 3, 1, 1
2018/9/8, 14, 12, 3, 1, 1
2018/9/9, 11, 19, 3, 1, 1
2018/9/10, 12, 18, 3, 1, 1
2018/9/11, 17, 17, 2, 1, 1
2018/9/12, 9, 11, 3, 1, 1
2018/9/13, 8, 10, 4, , 1
2018/9/14, 20, 15, 4, , 1
2018/9/15, 13, 12, 3, 1, 1
2018/9/16, 13, 13, 1, , 
2018/9/17, 12, 16, 3, , 1
2018/9/18, 8, 16, 3, 1, 
2018/9/19, 15, 18, 7, 3, 1
2018/9/20, 18, 19, 7, 1, 1
2018/9/21, 17, 15, 4, , 
2018/9/22, 14, 17, 3, , 
2018/9/23, 15, 11, 3, , 
2018/9/24, 9, 7, , 1, 
2018/9/25, 13, 8, 1, 1, 
2018/9/26, 13, 5, 3, 2, 
2018/9/27, 8, 4, 4, 1, 
2018/9/28, 5, 5, 3, 2, 
2018/9/29, 8, 6, 2, 2, 
2018/9/30, 9, 5, 2, 2, 
2018/10/1, 8, 5, 3, 1, 
2018/4/2, 37, 7, 5, , 10
2018/4/3, 26, 4, 4, , 17
2018/4/4, 14, 10, 1, , 9
2018/4/5, 21, 6, 2, , 9
2018/4/6, 23, 8, 2, , 11
2018/4/7, 20, 8, 5, 1, 11
2018/4/8, 20, 3, 3, 1, 9
2018/4/9, 12, 9, 1, 1, 15
2018/4/10, 26, 12, 2, 2, 14
2018/4/11, 23, 12, 2, 2, 10
2018/4/12, 30, 9, 3, 2, 8
2018/4/13, 18, , 3, 2, 9
2018/4/24, 13, 8, 1, , 14
2018/4/25, 9, 14, 1, , 14
2018/4/26, 13, 5, 3, , 14
2018/4/27, 8, 7, 6, , 16
2018/4/28, 16, 11, 3, 2, 17
2018/4/29, 14, 9, 4, , 16
2018/4/30, 11, 10, 5, , 16
2018/5/1, 16, 9, 5, , 16
2018/5/2, 16, 9, 10, , 16
2018/5/3, 19, 10, 9, 3, 16
2018/5/4, 20, 9, 5, 1, 16
2018/5/5, 15, 5, 3, 1, 16
2018/5/6, 12, 10, 1, , 16
2018/5/7, 13, 13, 1, , 16
2018/5/8, 17, 9, 1, , 16
2018/5/9, 10, 12, 2, , 16
2018/5/10, 10, 7, 4, , 17
2018/5/11, 12, 10, 6, , 17
2018/5/12, 31, 5, 1, , 16
2018/5/13, 8, 4, 1, , 16
2018/5/14, 7, 2, 1, , 16
2018/5/16, 9, 8, 4, , 20
2018/5/17, 10, 8, 3, 1, 18
2018/5/18, 14, 10, 1, , 19
2018/5/19, 12, 15, 1, 1, 24
2018/5/20, 12, 17, 1, 2, 23
2018/5/21, 13, 13, 2, 1, 23
2018/5/22, 10, 10, 2, 1, 21
2018/5/23, 10, 10, 2, 1, 23
2018/5/24, 9, 10, , 2, 25
2018/5/25, 10, 13, , 1, 1
2018/5/26, 10, 10, , , 1
2018/5/27, 10, 4, , , 1
2018/5/28, 6, 5, , , 1
2018/5/29, 9, 10, , , 1
2018/5/30, 24, 12, , , 1
2018/5/31, 13, 13, , , 
2018/6/1, 9, 10, , , 
2018/6/2, 9, 11, , , 
2018/6/3, 12, 8, , , 
2018/6/4, 10, 7, , , 
2018/6/5, 9, 7, , , 
2018/6/6, 11, 10, , , 
2018/6/7, 22, 6, , , 
2018/6/8, 9, 9, , , 2
2018/6/9, 8, 7, , 1, 2
2018/6/10, 13, 7, , , 2
2018/6/11, 9, 10, , 1, 1
2018/6/12, 13, 8, , , 1
2018/6/13, 9, 6, , , 1
2018/6/14, 10, 10, , , 1
2018/6/15, 16, 11, , 1, 1
2018/6/16, 11, 13, , 2, 2
2018/6/17, 29, 11, , 1, 1
2018/6/18, 18, 8, , 2, 1
2018/6/19, 7, 5, , , 1
2018/6/20, 10, 7, , 5, 1
2018/6/21, 21, 8, , , 1
2018/6/22, 6, 8, , , 1
2018/6/23, 8, 12, , , 1
2018/6/24, 11, 4, , , 
2018/6/25, 8, 6, , , 
2018/6/26, 7, 9, , 1, 
2018/6/27, 9, 9, , , 
2018/6/28, 14, 4, , , 1
2018/6/29, 6, 6, , 1, 1
2018/1/2, 26, 13, 4, 2, 7
2018/1/3, 25, 11, 3, 1, 6
2018/1/4, 25, 9, 3, 1, 7
2018/1/5, 23, 14, 3, 2, 8
2018/1/6, 26, 10, 2, 2, 8
2018/1/7, 19, 9, 2, 1, 8
2018/1/8, 19, 9, 3, 2, 8
2018/1/9, 20, 15, 5, 2, 8
2018/1/10, 26, 13, 9, 2, 8
2018/1/11, 26, 10, 4, 2, 8
2018/1/12, 21, 13, 7, 2, 10
2018/1/13, 23, 13, 9, 1, 9
2018/1/14, 28, 14, , 2, 10
2018/1/15, 25, 14, , 2, 8
2018/1/16, 18, 10, , , 7
2018/1/17, 18, 13, , , 7
2018/1/18, 18, 17, , , 7
2018/1/19, 25, 7, , , 7
2018/1/20, 19, 5, , , 7
2018/1/21, 17, 6, , , 7
2018/1/22, 17, 11, , , 7
2018/1/23, 18, 7, 3, , 7
2018/1/24, 16, 8, 3, , 7
2018/1/25, 16, 11, 6, , 8
2018/1/26, 25, 8, 10, , 9
2018/1/27, 27, 10, 7, , 8
2018/1/28, 40, 5, 3, , 7
2018/1/29, 25, 7, 6, 1, 8
2018/1/30, 20, 7, 8, 1, 8
2018/1/31, 18, 10, 3, , 7
2018/2/1, 42, 6, 1, , 7
2018/2/2, 21, 7, 2, , 7
2018/2/3, 22, 8, 4, , 7
2018/2/4, 25, 8, 2, , 7
2018/2/5, 19, 5, 6, 1, 7
2018/2/6, 17, 4, 6, 1, 8
2018/2/7, 15, 9, 9, 1, 9
2018/2/8, 17, 18, 6, 1, 9
2018/2/9, 27, 17, 3, 1, 9
2018/2/10, 22, 12, 2, 1, 8
2018/2/11, 18, 8, 4, 1, 8
2018/2/12, 12, 8, 5, , 9
2018/2/13, 16, 9, 6, , 9
2018/2/14, 41, 4, 6, , 9
2018/2/15, 19, 4, 8, 1, 8
2018/2/16, 16, 9, 7, 1, 9
2018/2/17, 17, 8, 7, , 8
2018/2/18, 19, 4, 2, , 8
2018/2/19, 14, 8, 5, , 8
2018/2/20, 16, 8, 7, , 8
2018/2/21, 23, 12, 8, , 8
2018/2/22, 35, 7, 5, , 8
2018/2/23, 28, 12, 5, 1, 8
2018/2/24, 31, 15, 6, 2, 9
2018/2/25, 33, 10, 3, 1, 9
2018/2/26, 22, 14, 4, 2, 9
2018/2/27, 28, 23, 3, , 9
2018/2/28, 40, 23, 3, 1, 10
2018/3/1, 39, 18, 4, 1, 10
2018/3/2, 35, 9, 4, 1, 9
2018/3/3, 22, 14, 3, , 9
2018/3/4, 19, 13, 2, , 10
2018/3/5, 23, 12, 2, , 9
2018/3/6, 21, 10, 4, , 9
2018/3/7, 22, 8, 3, , 9
2018/3/8, 16, 8, 3, , 9
2018/3/9, 21, 12, 2, , 9
2018/3/10, 19, 8, 1, , 10
2018/3/11, 17, 12, 1, , 10
2018/3/12, 25, 9, 2, 1, 11
2018/3/13, 20, 7, 2, , 10
2018/3/14, 17, 7, 2, 1, 10
2018/3/15, 26, 11, 4, , 10
2018/3/16, 33, 10, 5, , 10
2018/3/17, 37, 7, 3, , 9
2018/3/18, 29, 2, 1, , 9
2018/3/19, 19, 13, 2, , 8
2018/3/20, 30, 11, 3, , 8
2018/3/21, 26, 13, 2, , 8
2018/3/22, 32, 11, 3, , 8
2018/3/23, 25, 12, 6, , 8
2018/3/24, 27, 3, 4, 1, 8
2018/3/25, 26, 5, 5, 2, 8
2018/3/26, 22, 6, 5, 1, 8
2018/3/27, 20, 5, 4, 1, 8
2018/3/28, 12, 7, 7, 2, 8
2018/3/29, 14, 9, 6, 2, 8
2018/3/30, 23, 7, 4, 2, 9
2018/3/31, 34, 10, 6, 1, 10
2018/4/1, 34, 11, 4, , 9
2017/10/2, 53, 14, 5, 3, 3
2017/10/3, 39, 10, 4, 3, 3
2017/10/4, 14, 12, 3, 3, 3
2017/10/5, 15, 17, 2, 3, 3
2017/10/6, 19, 17, 3, 2, 3
2017/10/7, 20, 15, 4, 2, 3
2017/10/8, 29, 11, 5, 2, 3
2017/10/9, 18, 9, 4, 2, 3
2017/10/10, 20, 7, 5, 2, 3
2017/10/11, 16, 9, 3, 1, 4
2017/10/12, 12, 10, 5, 1, 6
2017/10/13, 17, 11, 2, 2, 5
2017/10/14, 20, 12, 3, 2, 5
2017/10/15, 19, 14, 3, 2, 5
2017/10/16, 21, 15, 2, 2, 5
2017/10/17, 21, 15, 3, 2, 5
2017/10/18, 24, 13, 3, 2, 5
2017/10/19, 19, 13, 2, 1, 5
2017/10/20, 20, 14, 2, 2, 5
2017/10/21, 18, 14, 1, 1, 5
2017/10/22, 17, 12, 4, 2, 5
2017/10/23, 19, 15, 5, 5, 11
2017/10/24, 20, 12, , , 
2017/10/25, 18, 14, 4, 3, 5
2017/10/26, 19, 11, 8, 1, 5
2017/10/27, 20, 12, 6, 1, 5
2017/10/28, 13, 13, 6, 1, 5
2017/10/29, 17, 8, 5, 1, 5
2017/10/30, 15, 12, 4, 1, 5
2017/10/31, 21, 6, 2, , 5
2017/11/1, 9, 16, 2, , 5
2017/11/2, 33, 22, 4, 1, 5
2017/11/3, 51, 14, 3, , 5
2017/11/4, 31, 10, 2, , 5
2017/11/5, 18, 12, 2, , 4
2017/11/6, 21, 16, 4, , 4
2017/11/7, 27, 12, 6, , 5
2017/11/8, 16, 11, 3, , 4
2017/11/9, 19, 9, 4, , 4
2017/11/10, 22, 10, 3, 1, 4
2017/11/11, 17, 7, 2, 1, 4
2017/11/12, 12, 11, 2, , 4
2017/11/13, 17, 7, 3, 1, 4
2017/11/14, 16, 7, 3, 1, 4
2017/11/15, 13, 13, 2, 1, 4
2017/11/16, 17, 13, 2, 1, 4
2017/11/17, 18, 10, 4, 2, 4
2017/11/18, 19, 8, , 3, 4
2017/11/19, 18, 9, , 2, 4
2017/11/20, 15, 12, , , 4
2017/11/21, 20, 11, , 2, 4
2017/11/22, 14, 16, , 1, 4
2017/11/23, 29, 15, 1, 1, 4
2017/11/24, 21, 10, 2, 1, 4
2017/11/25, 20, 7, 1, , 4
2017/11/26, 23, 13, 1, , 4
2017/11/27, 33, 14, 3, 1, 5
2017/11/28, 36, 15, 3, 1, 5
2017/11/29, 33, 13, 3, , 5
2017/11/30, 34, 13, 3, , 5
2017/12/1, 31, 13, 2, , 5
2017/12/2, 28, 13, 1, , 5
2017/12/3, 33, 20, 2, 1, 4
2017/12/4, 39, 18, 4, 1, 4
2017/12/5, 35, 25, 3, , 4
2017/12/6, 27, 26, 5, 1, 4
2017/12/7, 38, 14, 8, 1, 5
2017/12/8, 31, 13, 10, , 5
2017/12/9, 11, 13, , 1, 5
2017/12/10, 9, 9, , , 5
2017/12/11, 15, 11, 9, , 5
2017/12/12, 22, 11, 7, 1, 5
2017/12/13, 26, 15, 5, , 4
2017/12/14, 23, 11, 3, , 4
2017/12/15, 15, 9, 6, 1, 4
2017/12/16, 16, 7, 8, 1, 4
2017/12/17, 15, 4, 6, , 5
2017/12/18, 9, 10, 8, , 5
2017/12/19, 20, 9, 6, , 5
2017/12/20, 18, 4, 3, , 4
2017/12/21, 13, 5, 3, , 4
2017/12/22, 14, 7, 3, , 4
2017/12/23, 12, 6, 2, , 4
2017/12/24, 11, 6, 2, , 4
2017/12/25, 12, 7, 3, 1, 5
2017/12/26, 14, 5, 6, 1, 8
2017/12/27, 20, 3, 6, , 7
2017/12/28, 13, 8, 7, 1, 7
2017/12/29, 14, 5, 3, , 7
2017/12/30, 10, 5, 2, 1, 9
2017/12/31, 14, 6, 1, 1, 8
2018/1/1, 17, 11, 2, 2, 11
2017/7/2, 14, 10, 1, , 4
2017/7/3, 11, 12, 3, , 4
2017/7/4, 15, 17, 1, 1, 4
2017/7/5, 23, 15, 2, , 4
2017/7/6, 23, 10, 2, , 4
2017/7/7, 14, 9, 2, 1, 4
2017/7/8, 10, 9, 2, 1, 4
2017/7/9, 11, 7, 2, 1, 4
2017/7/10, 9, 13, 3, 2, 4
2017/7/11, 10, 15, 4, 2, 5
2017/7/12, 14, 11, 2, 2, 4
2017/7/13, 14, 14, 2, 2, 4
2017/7/14, 21, 14, 2, 2, 4
2017/7/15, 17, 9, 1, 1, 4
2017/7/16, 14, 9, 1, 1, 4
2017/7/17, 10, 12, 2, , 4
2017/7/18, 11, 11, 2, , 4
2017/7/19, 11, 14, 2, , 4
2017/7/20, 14, 14, 3, 1, 4
2017/7/21, 19, 16, 2, 1, 4
2017/7/22, 14, 13, 2, , 4
2017/7/23, 18, 9, 1, 1, 4
2017/7/24, 11, 5, 3, 1, 4
2017/7/25, 13, 9, 2, , 4
2017/7/26, 10, 13, 2, 1, 4
2017/7/27, 13, 12, 2, 1, 4
2017/7/28, 15, 15, 2, , 4
2017/7/29, 14, 16, 1, , 4
2017/7/30, 13, 7, 1, , 4
2017/7/31, 11, 10, 2, , 4
2017/8/1, 9, 11, 3, , 4
2017/8/2, 17, 12, 4, 1, 4
2017/8/3, 13, 10, 2, 1, 4
2017/8/4, 10, 11, 2, 2, 4
2017/8/5, 12, 15, 2, 1, 4
2017/8/6, 14, 10, 2, 1, 3
2017/8/7, 13, 10, 2, 1, 3
2017/8/8, 10, 12, 3, 1, 4
2017/8/9, 11, 9, 3, 1, 3
2017/8/10, 9, 14, 3, 1, 3
2017/8/11, 15, 16, 2, 2, 3
2017/8/12, 13, 14, 1, 2, 3
2017/8/13, 10, 10, , 1, 3
2017/8/14, 9, 10, , 3, 4
2017/8/15, 11, 12, 2, 1, 4
2017/8/16, 12, 10, 2, 1, 3
2017/8/17, 9, 9, 2, 1, 3
2017/8/18, 7, 9, 2, 1, 3
2017/8/19, 10, 8, 1, 1, 3
2017/8/20, 9, 7, 1, 1, 4
2017/8/21, 10, 5, 3, 1, 4
2017/8/22, 10, 8, 3, 1, 4
2017/8/23, 16, 16, 3, 1, 4
2017/8/24, 20, 16, 3, 2, 3
2017/8/25, 19, 17, 2, 2, 3
2017/8/26, 24, 12, 2, 2, 3
2017/8/27, 14, 15, 2, 1, 3
2017/8/28, 12, 10, 3, 1, 4
2017/8/29, 12, 7, 2, 1, 4
2017/8/30, 10, 11, 4, 2, 4
2017/8/31, 12, 15, 4, 2, 3
2017/9/1, 13, 10, 3, 2, 3
2017/9/2, 11, 11, 3, 1, 3
2017/9/3, 12, 8, 3, 1, 3
2017/9/4, 12, 7, 2, 1, 3
2017/9/5, 15, , 7, 2, 3
2017/9/10, 16, 9, 2, 1, 3
2017/9/11, 13, 11, 6, 2, 4
2017/9/12, 19, 11, 6, 2, 3
2017/9/13, 18, 9, 4, 2, 3
2017/9/14, 14, 15, 6, 4, 3
2017/9/15, 25, 11, 4, 1, 3
2017/9/16, 11, 12, 3, 1, 3
2017/9/17, 11, 15, , 2, 3
2017/9/18, 17, 17, , 1, 3
2017/9/19, 17, 15, 3, 2, 3
2017/9/20, 14, 15, 3, 3, 3
2017/9/21, 15, 14, 3, 3, 3
2017/9/22, 13, 9, 2, 3, 3
2017/9/23, 13, 10, 1, 2, 3
2017/9/24, 11, 13, 1, 3, 3
2017/9/25, 8, 11, 4, 2, 3
2017/9/26, 14, 10, 3, 2, 3
2017/9/27, 12, 10, 3, 2, 3
2017/9/28, 14, 11, 2, 2, 3
2017/9/29, 11, 7, 3, 2, 3
2017/9/30, 11, 13, 4, 2, 3
2017/10/1, 28, 18, 5, 2, 3
2017/4/2, 37, 18, 2, , 
2017/4/3, 34, 20, 2, , 
2017/4/4, 30, 14, 3, , 
2017/4/5, 31, 11, 3, , 
2017/4/6, 22, 13, 4, , 3
2017/4/7, 23, 11, 2, , 2
2017/4/8, 17, 12, 2, , 
2017/4/9, 25, 13, 4, , 
2017/4/10, 19, 17, 4, , 
2017/4/11, 27, 15, 4, , 
2017/4/12, 21, 12, 7, , 
2017/4/13, 16, 11, 6, , 
2017/4/14, 11, 10, 5, , 
2017/4/15, 17, 12, 3, , 
2017/4/16, 20, 6, 2, , 
2017/4/17, 14, 11, 2, , 
2017/4/18, 23, 16, 4, , 
2017/4/19, 36, , 4, , 
2017/4/25, 23, 13, 3, , 
2017/4/26, 19, 11, 4, , 
2017/4/27, 15, 15, 4, , 
2017/4/28, 21, 11, 6, , 1
2017/4/29, 16, 11, 6, 1, 
2017/4/30, 17, 7, 4, , 
2017/5/1, 17, 12, 4, , 1
2017/5/2, 19, 17, 3, , 
2017/5/3, 27, 14, 4, , 
2017/5/4, 22, 10, 2, , 
2017/5/5, 17, , 2, , 
2017/5/10, 21, 14, 3, , 
2017/5/11, 24, 11, 2, , 
2017/5/12, 18, 15, 2, , 
2017/5/13, 22, 11, 2, , 
2017/5/14, 24, 16, 2, , 
2017/5/15, 24, 17, 3, , 
2017/5/16, 24, 18, 3, , 
2017/5/17, 23, 16, 3, , 
2017/5/18, 24, 13, 7, , 
2017/5/19, 13, 9, 6, , 
2017/5/20, 18, 9, 6, 1, 
2017/5/21, 19, 6, 3, , 
2017/5/22, 12, 8, 3, , 
2017/5/23, 13, 11, 2, , 
2017/5/24, 16, 8, 3, , 
2017/5/25, 14, 7, 2, , 
2017/5/26, 13, 10, 4, , 
2017/5/27, 16, 8, 3, , 
2017/5/28, 19, 10, 3, , 
2017/5/29, 17, 10, 3, , 
2017/5/30, 21, 13, 3, , 
2017/5/31, 26, 16, 2, , 
2017/6/1, 28, 15, 3, , 
2017/6/2, 24, 13, 2, , 
2017/6/3, 22, 13, 2, , 
2017/6/4, 14, 8, 1, , 
2017/6/5, 17, 9, 1, , 
2017/6/6, 15, 9, 2, , 
2017/6/7, 15, 9, 2, , 
2017/6/8, 15, 9, 3, 2, 
2017/6/9, 14, 10, 3, 1, 
2017/6/10, 16, 6, 3, , 
2017/6/11, 11, 10, 2, , 
2017/6/12, 15, 7, 2, 1, 
2017/6/13, 10, 11, 3, 1, 
2017/6/14, 13, 10, 2, 1, 
2017/6/15, 10, 9, 4, , 
2017/6/16, 12, 11, 4, 1, 
2017/6/17, 12, 11, 2, , 
2017/6/18, 11, 9, 2, , 
2017/6/19, 10, 11, 2, , 
2017/6/20, 12, 14, 5, , 
2017/6/21, 15, 12, 3, , 
2017/6/22, 12, 12, 2, , 
2017/6/23, 15, 11, 3, , 
2017/6/24, 13, 9, 3, , 
2017/6/25, 8, 10, 3, , 
2017/6/26, 11, 15, 4, , 
2017/6/27, 17, 16, 3, , 4
2017/6/28, 18, 19, 2, , 4
2017/6/29, 25, 13, 3, 1, 4
2017/6/30, 13, 12, 3, , 4
2017/7/1, 17, 11, 1, , 4
2017/1/3, 13, 12, 5, , 3
2017/1/4, 19, 9, 6, , 3
2017/1/5, 12, 14, 7, 1, 3
2017/1/6, 18, 12, 4, , 2
2017/1/7, 17, 11, 3, , 2
2017/1/8, 21, 8, 3, , 2
2017/1/9, 13, 17, 10, , 3
2017/1/10, 21, 17, 8, , 2
2017/1/11, 38, 20, 7, 1, 2
2017/1/12, 45, 22, 7, , 3
2017/1/13, 51, 21, 6, , 3
2017/1/14, 47, 22, 6, 1, 3
2017/1/15, 46, 19, 5, , 2
2017/1/16, 43, 13, 5, 1, 2
2017/1/17, 19, 12, 5, , 2
2017/1/18, 16, 13, 5, , 2
2017/1/19, 19, 16, 6, , 2
2017/1/20, 16, 17, 8, , 2
2017/1/21, 18, 12, 1, , 2
2017/1/22, 20, 21, 1, , 1
2017/1/23, 31, 15, 4, , 2
2017/1/24, 25, 8, 5, , 2
2017/1/25, 16, 8, 4, , 2
2017/1/26, 17, 11, 4, , 2
2017/1/27, 21, 12, 7, , 3
2017/1/28, 23, 9, 4, , 2
2017/1/29, 19, 24, 1, , 2
2017/1/30, 24, 24, 2, , 1
2017/1/31, 32, 20, 3, , 1
2017/2/1, 21, 28, 6, , 2
2017/2/2, 38, 24, 7, , 2
2017/2/3, 37, , 7, 1, 2
2017/2/7, 19, 21, 5, , 3
2017/2/8, 27, 21, 7, 1, 3
2017/2/9, 25, 10, 5, , 3
2017/2/10, 21, 14, 7, , 4
2017/2/11, 29, 11, 5, , 3
2017/2/12, 20, 14, 2, , 3
2017/2/13, 24, 16, 4, , 3
2017/2/14, 34, 16, 3, , 2
2017/2/15, 28, 9, 3, , 2
2017/2/16, 28, 8, 5, , 2
2017/2/17, 24, 8, 5, , 2
2017/2/18, 24, 14, 6, 2, 2
2017/2/19, 37, 25, 1, , 2
2017/2/20, 43, 22, 2, , 2
2017/2/21, 34, 14, 4, , 2
2017/2/22, 26, 13, 3, , 2
2017/2/23, 22, 13, 3, , 1
2017/2/24, 19, 12, 3, , 2
2017/2/25, 24, 12, 4, 3, 2
2017/2/26, 24, 12, 5, 6, 2
2017/2/27, 25, 14, 5, 1, 2
2017/2/28, 32, 13, 5, , 2
2017/3/1, 16, 10, 4, , 2
2017/3/2, 11, 13, 5, , 3
2017/3/3, 16, 10, 7, , 3
2017/3/4, 12, 17, 6, , 2
2017/3/5, 18, 11, 5, , 3
2017/3/6, 15, 18, 7, 2, 2
2017/3/7, 28, 12, 4, 1, 2
2017/3/8, 20, 10, 3, , 2
2017/3/9, 25, 11, 4, 1, 2
2017/3/10, 28, 18, 5, , 2
2017/3/11, 53, 15, 6, , 2
2017/3/12, 39, 13, 5, , 2
2017/3/13, 36, 21, 5, 1, 3
2017/3/14, 56, 15, 4, , 2
2017/3/15, 45, 11, 5, , 2
2017/3/16, 28, 9, 4, , 2
2017/3/17, 20, 20, 4, , 2
2017/3/18, 36, 12, 2, , 2
2017/3/19, 28, 7, 1, , 2
2017/3/20, 24, 7, 3, , 2
2017/3/21, 14, 15, 4, , 2
2017/3/22, 29, 15, 3, , 2
2017/3/23, 30, 18, 7, , 3
2017/3/24, 31, 13, 6, , 2
2017/3/25, 30, 17, 2, , 2
2017/3/26, 28, 16, 1, , 1
2017/3/27, 26, 18, 3, , 1
2017/3/28, 33, 15, 3, , 1
2017/3/29, 31, 15, 4, , 1
2017/3/30, 31, 17, 3, , 1
2017/3/31, 33, 15, 3, , 
2017/4/1, 21, 20, 2, , 
2016/10/2, 26, 12, 1, , 
2016/10/3, 33, 15, 1, , 
2016/10/4, 40, 17, 5, , 1
2016/10/5, 33, 19, 4, , 1
2016/10/6, 26, 17, 3, , 1
2016/10/7, 22, 12, 4, , 
2016/10/8, 20, 9, 2, , 
2016/10/9, 21, 6, 2, , 
2016/10/10, 22, 6, 4, , 1
2016/10/11, 23, 14, 3, , 
2016/10/12, 33, 14, 3, , 
2016/10/13, 22, 17, 3, , 
2016/10/14, 19, 13, 4, , 
2016/10/15, 18, 10, 3, , 
2016/10/16, 20, 9, 2, , 
2016/10/17, 17, 9, 4, , 
2016/10/18, 13, 12, 2, , 
2016/10/19, 14, 15, 3, , 
2016/10/20, 18, 13, 3, , 
2016/10/21, 24, 12, 3, , 
2016/10/22, 26, 18, 2, , 
2016/10/23, 21, 13, 2, , 
2016/10/24, 19, 12, 4, , 
2016/10/25, 23, 10, 3, , 
2016/10/26, 18, 9, 4, , 
2016/10/27, 18, 19, 4, , 2
2016/10/28, 24, 21, 3, , 3
2016/10/29, 23, 14, 2, , 3
2016/10/30, 24, 14, 2, , 3
2016/10/31, 12, 22, 3, , 3
2016/11/1, 25, 19, 4, , 3
2016/11/2, 28, 17, 4, , 3
2016/11/3, 16, 17, 3, , 3
2016/11/4, 19, 14, 4, , 3
2016/11/5, 22, 11, 2, , 3
2016/11/6, 21, 10, 3, , 3
2016/11/7, 17, 14, 3, , 3
2016/11/8, 16, 18, 8, , 3
2016/11/9, 27, 15, 8, , 4
2016/11/10, 21, 14, 8, 2, 3
2016/11/11, 26, 10, 4, 1, 3
2016/11/12, 21, 13, 5, 1, 3
2016/11/13, 24, 9, 4, 1, 3
2016/11/14, 28, 17, 4, 1, 3
2016/11/15, 23, 17, 4, 1, 3
2016/11/16, 25, 16, 3, 1, 3
2016/11/17, 19, 19, 3, 1, 2
2016/11/18, 31, 9, 4, 1, 2
2016/11/19, 17, 6, 3, 1, 2
2016/11/20, 16, 13, 3, 1, 3
2016/11/21, 24, 9, 6, 1, 3
2016/11/22, 23, 20, 5, 1, 2
2016/11/23, 28, 12, 3, 1, 2
2016/11/24, 26, 11, 2, 1, 3
2016/11/25, 17, 15, 2, 1, 2
2016/11/26, 25, 17, 1, 1, 2
2016/11/27, 26, 14, 3, , 2
2016/11/28, 23, 23, 6, 1, 3
2016/11/29, 34, 16, , 1, 2
2016/11/30, 21, 11, 3, , 2
2016/12/1, 24, 16, 4, 1, 2
2016/12/2, 27, 19, 5, , 2
2016/12/3, 28, 15, 6, 1, 3
2016/12/4, 21, 12, 7, 1, 2
2016/12/5, 15, 11, 6, 1, 3
2016/12/6, 16, 11, 7, 1, 3
2016/12/7, 14, 13, 10, , 3
2016/12/8, 18, 16, 9, , 4
2016/12/9, 28, 13, 8, , 3
2016/12/10, 26, 13, 7, , 3
2016/12/11, 32, 7, 5, , 3
2016/12/12, 15, 13, 7, 1, 3
2016/12/13, 20, 9, 5, 1, 2
2016/12/15, 18, 25, 13, 5, 3
2016/12/16, 18, 18, 6, 1, 2
2016/12/17, 13, 12, 2, 1, 
2016/12/18, 7, 13, 2, , 
2016/12/19, 9, 12, 6, , 2
2016/12/20, 14, 11, 4, , 
2016/12/21, 15, 10, 4, , 2
2016/12/22, 26, 9, 5, , 2
2016/12/23, 23, 8, 7, , 3
2016/12/24, 25, 12, 2, , 4
2016/12/25, 17, 13, 2, , 4
2016/12/26, 21, 13, 1, , 4
2016/12/27, 17, 19, 4, , 4
2016/12/28, 27, 14, 3, , 4
2016/12/29, 19, 8, 3, , 4
2016/12/30, 12, 10, 3, , 5
2016/12/31, 16, 9, 1, , 5
2017/1/1, 12, 10, 1, , 3
2017/1/2, 16, 8, 2, , 3
2016/7/8, 17, 11, 2, , 6
2016/7/9, 19, 12, 2, , 6
2016/7/10, 21, 11, 1, , 6
2016/7/11, 24, 10, 1, , 6
2016/7/12, 21, 10, 2, , 7
2016/7/13, 25, 13, 3, , 7
2016/7/14, 13, 11, 2, , 7
2016/7/15, 25, 9, 3, , 8
2016/7/16, 21, 12, 1, , 7
2016/7/17, 16, 9, 1, , 6
2016/7/18, 25, 8, 1, , 8
2016/7/19, 18, 12, 3, 1, 6
2016/7/20, 19, 8, 4, , 8
2016/7/21, 17, 11, 3, , 8
2016/7/22, 25, 13, 2, , 8
2016/7/23, 24, 17, 1, , 5
2016/7/24, 16, 11, 1, , 2
2016/7/25, 12, 12, 1, , 2
2016/7/26, 20, 12, 1, , 2
2016/7/27, 13, 10, 2, 1, 2
2016/7/28, 25, 20, 2, , 2
2016/7/29, 25, 20, 2, , 1
2016/7/30, 25, 15, 2, , 1
2016/7/31, 21, 10, 1, , 1
2016/8/1, 14, 5, 1, , 2
2016/8/2, 14, 10, 2, , 2
2016/8/3, 29, 11, 2, , 1
2016/8/4, 13, 14, 2, , 1
2016/8/5, 25, 14, 2, , 2
2016/8/6, 24, 11, 2, , 1
2016/8/7, 13, 7, 1, , 2
2016/8/8, 15, 6, 1, , 1
2016/8/9, 41, 12, 2, , 2
2016/8/10, 18, 10, 1, , 1
2016/8/11, 20, 13, 2, , 1
2016/8/12, 26, 14, 2, , 1
2016/8/13, 22, 15, 2, , 1
2016/8/14, 22, 10, 1, , 1
2016/8/15, 20, 9, 1, , 
2016/8/16, 24, 12, 1, , 
2016/8/17, 20, 11, 3, , 
2016/8/18, 23, 11, 3, , 
2016/8/19, 21, 12, 2, , 1
2016/8/20, 18, 8, 1, , 
2016/8/21, 16, 9, 1, , 
2016/8/22, 13, 7, 1, , 
2016/8/23, 15, 8, 2, , 1
2016/8/24, 11, 12, 4, , 1
2016/8/25, 17, 12, 1, , 1
2016/8/26, 22, 12, 2, , 
2016/8/27, 24, 11, 2, , 1
2016/8/28, 26, 10, 1, , 
2016/8/29, 29, 11, 1, , 
2016/8/30, 29, 16, 2, , 
2016/8/31, 26, 12, 2, , 
2016/9/1, 35, 21, 1, , 
2016/9/2, 41, 24, 1, , 
2016/9/3, 32, 20, 3, , 
2016/9/4, 37, 12, 1, , 
2016/9/5, 27, 13, 3, , 1
2016/9/6, 31, 11, 1, , 
2016/9/7, 21, 9, 2, , 
2016/9/8, 18, 10, 2, , 
2016/9/9, 23, 12, 3, , 
2016/9/13, 37, 7, 2, , 
2016/9/14, 41, 7, 2, , 
2016/9/16, 24, 11, 3, , 
2016/9/17, 25, 13, 3, , 
2016/9/18, 36, 11, 3, , 
2016/9/19, 33, 12, 3, , 
2016/9/20, 14, 12, 3, , 
2016/9/21, 17, 10, 1, , 
2016/9/22, 24, 11, 2, , 
2016/9/23, 18, 9, 3, , 
2016/9/24, 29, 13, , , 
2016/9/25, 34, 9, , , 
2016/9/27, 25, 11, 2, , 
2016/9/28, 32, 13, 3, , 
2016/9/29, 27, 12, 3, , 
2016/9/30, 23, 10, 2, , 
2016/10/1, 23, 12, 2, , 
2016/4/2, 54, 21, 1, , 7
2016/4/3, 37, 17, 1, , 7
2016/4/4, 26, 15, 5, 2, 7
2016/4/5, 19, 14, 4, 2, 6
2016/4/6, 31, 21, 2, , 
2016/4/7, 31, 14, 2, , 
2016/4/8, 21, 15, 3, , 6
2016/4/9, 19, 9, 1, , 6
2016/4/10, 18, 9, 1, , 6
2016/4/11, 20, 11, 3, , 6
2016/4/12, 18, 14, 2, , 
2016/4/13, 18, 16, 2, , 7
2016/4/14, 21, 14, 2, , 6
2016/4/15, 26, 11, 2, , 7
2016/4/16, 18, 10, 1, , 7
2016/4/17, 17, 4, 1, , 7
2016/4/18, 16, 13, 1, , 7
2016/4/19, 33, 14, 3, , 7
2016/4/20, 17, 11, 2, , 
2016/4/21, 15, 9, 2, , 
2016/4/22, 14, 12, 2, , 8
2016/4/23, 17, 11, 1, , 8
2016/4/24, 22, 12, 1, , 8
2016/4/25, 23, 15, 3, , 5
2016/4/26, 24, 18, 3, , 5
2016/4/27, 22, 13, 3, , 5
2016/4/28, 18, 15, 3, , 5
2016/4/29, 20, 17, 3, , 6
2016/4/30, 30, 13, 1, , 5
2016/5/1, 20, 10, 1, , 
2016/5/2, 21, 11, 2, , 
2016/5/3, 17, 9, 2, , 6
2016/5/4, 18, 7, 3, , 6
2016/5/5, 11, 13, 4, , 7
2016/5/6, 16, 14, 5, , 7
2016/5/7, 16, 9, 1, , 
2016/5/8, 15, 9, 1, , 
2016/5/9, 16, 9, 1, , 
2016/5/10, 16, 10, 2, , 
2016/5/11, 24, 14, 1, , 
2016/5/12, 15, 13, 2, , 6
2016/5/13, 15, 9, 3, 2, 7
2016/5/14, 8, 7, 2, , 7
2016/5/15, 8, 9, 2, , 7
2016/5/16, 11, 15, 2, , 7
2016/5/17, 13, 19, 3, , 
2016/5/18, 10, 10, 1, , 
2016/5/19, 6, 14, 2, , 5
2016/5/20, 14, 11, 1, , 2
2016/5/21, 16, 10, 1, , 
2016/5/22, 13, 5, 1, , 
2016/5/23, 12, 6, 2, , 1
2016/5/24, 9, 10, 2, , 3
2016/5/25, 24, 5, 4, , 6
2016/5/26, 27, 7, 6, 1, 7
2016/5/27, 32, 8, 5, , 6
2016/5/28, 20, 8, 3, , 6
2016/5/29, 22, 10, 5, , 6
2016/5/30, 20, 4, 3, 1, 6
2016/6/3, 36, 8, , 1, 8
2016/6/4, 26, 7, , , 8
2016/6/5, 23, 5, , , 8
2016/6/6, 27, 6, , 11, 8
2016/6/7, 31, 13, , , 3
2016/6/8, 26, 10, , , 4
2016/6/9, 28, 7, , , 4
2016/6/10, 35, 8, , , 
2016/6/11, 33, 6, , , 
2016/6/12, 34, 6, , , 5
2016/6/13, 34, 14, 2, , 4
2016/6/14, 40, 14, 2, , 4
2016/6/15, 34, 16, 3, , 
2016/6/16, 34, 16, 3, , 3
2016/6/17, 40, 12, 2, , 3
2016/6/21, 23, 10, 2, , 4
2016/6/22, 20, 11, 2, , 3
2016/6/23, 19, 12, 1, , 4
2016/6/24, 22, 10, 2, , 4
2016/6/25, 30, 11, 1, , 4
2016/6/26, 34, 10, 1, , 
2016/6/27, 31, 12, 1, , 5
2016/6/28, 27, 10, 2, , 5
2016/6/29, 29, 14, 2, , 6
2016/1/5, 19, 12, 2, , 12
2016/1/6, 16, 15, 3, , 4
2016/1/7, 19, 17, 6, 1, 3
2016/1/8, 24, 17, 5, , 4
2016/1/9, 30, 14, 3, , 3
2016/1/10, 18, 10, 5, , 2
2016/1/11, 19, 17, 8, 2, 3
2016/1/12, 27, 16, 7, 1, 4
2016/1/13, 34, 22, 8, 1, 4
2016/1/14, 52, 22, 9, 1, 5
2016/1/15, 54, 21, 6, 3, 4
2016/1/16, 22, 18, 5, , 4
2016/1/17, 26, 15, 3, , 3
2016/1/18, 21, 16, 5, 1, 4
2016/1/19, 28, 19, 8, 1, 4
2016/1/20, 30, 16, 6, , 5
2016/1/21, 23, 13, 2, , 
2016/1/22, 24, 14, 6, , 5
2016/1/23, 22, 11, 3, , 5
2016/1/24, 20, 15, 5, 1, 6
2016/1/25, 31, 21, 5, , 5
2016/1/26, 31, 20, 5, , 7
2016/1/27, 28, 18, 5, 1, 6
2016/1/28, 44, 27, 6, 1, 7
2016/1/29, 45, 24, 5, 1, 6
2016/1/30, 38, 16, 3, 1, 6
2016/1/31, 38, 13, 2, , 5
2016/2/1, 26, 13, 5, 1, 7
2016/2/2, 23, 11, 3, , 6
2016/2/3, 17, 11, 5, 2, 6
2016/2/4, 17, 14, 7, , 7
2016/2/5, 15, 15, 5, 1, 7
2016/2/6, 16, 13, 3, , 7
2016/2/7, 17, 19, 1, , 6
2016/2/8, 21, 20, 4, , 
2016/2/9, 21, 16, 7, 1, 7
2016/2/10, 18, 17, 7, 1, 8
2016/2/11, 26, 14, 6, 1, 9
2016/2/12, 15, 14, 4, , 8
2016/2/13, 15, 15, 2, , 8
2016/2/14, 16, 20, 2, 1, 7
2016/2/15, 26, 23, 2, , 7
2016/2/16, 28, 18, 2, , 8
2016/2/17, 26, 17, 2, , 8
2016/2/18, 22, 17, 2, , 9
2016/2/19, 32, 13, 3, , 9
2016/2/20, 18, 10, 3, , 9
2016/2/21, 16, 16, 2, , 9
2016/2/22, 13, 23, 9, 1, 10
2016/2/23, 30, 17, 5, 2, 6
2016/2/24, 25, 13, 6, , 6
2016/2/25, 26, 15, 6, 29, 11
2016/2/26, 19, 18, 5, 8, 15
2016/2/27, 14, 15, 2, , 7
2016/2/28, 20, 17, 4, , 7
2016/2/29, 30, 20, 4, 1, 7
2016/3/1, 24, 28, 4, 4, 7
2016/3/2, 29, 30, 3, 1, 
2016/3/3, 34, 31, 5, 2, 8
2016/3/4, 39, 27, 5, 1, 8
2016/3/5, 36, 20, 3, 1, 8
2016/3/6, 20, 16, 4, , 8
2016/3/7, 27, 22, 4, , 8
2016/3/8, 33, 18, 2, , 8
2016/3/9, 30, 25, 2, , 
2016/3/10, 25, 26, 2, , 
2016/3/11, 27, 27, 2, , 8
2016/3/12, 37, 22, 2, , 
2016/3/13, 28, 16, 1, , 
2016/3/14, 20, 16, 3, 1, 9
2016/3/15, 25, 15, 6, 1, 10
2016/3/16, 20, 23, 2, , 9
2016/3/17, 28, 14, 2, , 
2016/3/18, 22, 13, 2, , 9
2016/3/19, 16, 12, 1, , 9
2016/3/20, 16, 15, 1, , 9
2016/3/21, 19, 15, 3, , 8
2016/3/22, 17, 21, 6, 1, 6
2016/3/23, 29, 21, 6, , 6
2016/3/24, 38, 19, 4, , 6
2016/3/25, 39, 19, 6, , 7
2016/3/26, 33, 12, 5, , 7
2016/3/29, 7, 23, 2, , 6
2016/3/30, 17, 33, 4, , 7
2016/3/31, 43, 26, 6, , 7
2016/4/1, 37, 30, 5, 2, 8
2015/10/2, 32, 15, 1, , 9
2015/10/3, 34, 15, 1, , 10
2015/10/4, 41, 9, 1, , 10
2015/10/5, 34, 5, 2, , 10
2015/10/6, 28, 11, 2, , 
2015/10/7, 37, 15, 2, , 10
2015/10/8, 38, 14, 5, 2, 11
2015/10/9, 37, 19, 3, 1, 11
2015/10/10, 54, 21, 1, 1, 11
2015/10/11, 62, 13, 2, , 11
2015/10/12, 44, 15, 3, , 12
2015/10/13, 39, 12, 2, , 12
2015/10/14, 33, 9, 2, , 12
2015/10/15, 29, 10, 3, , 12
2015/10/16, 34, 12, 2, , 12
2015/10/17, 30, 12, 1, , 13
2015/10/18, 35, 15, 1, , 12
2015/10/19, 38, 13, 4, 1, 14
2015/10/20, 40, 11, 3, , 14
2015/10/21, 42, 14, 2, , 14
2015/10/22, 46, 13, 4, 1, 14
2015/10/23, 38, 12, 3, 1, 14
2015/10/24, 39, 8, 2, , 15
2015/10/25, 30, 6, 3, 1, 15
2015/10/26, 36, 11, 3, 1, 9
2015/10/27, 33, 24, 2, , 6
2015/10/28, 43, 25, 2, 1, 6
2015/10/29, 53, 22, 6, 1, 8
2015/10/30, 49, 25, 6, , 7
2015/10/31, 51, 14, 3, , 7
2015/11/1, 44, 14, 2, , 6
2015/11/2, 38, 21, 4, 1, 8
2015/11/3, 50, 20, 3, , 8
2015/11/4, 50, 22, 3, 1, 8
2015/11/5, 51, 18, 2, , 8
2015/11/6, 39, 20, 2, , 8
2015/11/10, 50, 25, 3, 1, 9
2015/11/11, 56, 23, 2, , 10
2015/11/12, 57, 22, 3, 1, 10
2015/11/13, 46, 20, 2, , 10
2015/11/14, 47, 20, 2, , 10
2015/11/15, 51, 19, 1, , 10
2015/11/16, 51, 22, 5, 1, 
2015/11/17, 49, 16, 6, , 12
2015/11/18, 46, 18, 3, , 11
2015/11/19, 52, 18, 6, , 12
2015/11/20, 42, 12, 3, , 13
2015/11/21, 34, 19, 2, , 12
2015/11/22, 39, 9, 2, , 
2015/11/23, 30, 8, 4, , 14
2015/11/24, 26, 15, 2, , 13
2015/11/25, 26, 13, 1, , 
2015/11/26, 37, 10, 1, , 
2015/11/27, 34, 18, 3, , 13
2015/11/28, 46, 16, 1, , 13
2015/11/29, 48, 17, 2, , 13
2015/11/30, 55, 17, 3, 1, 14
2015/12/1, 49, 16, 3, , 15
2015/12/2, 52, 13, 4, , 16
2015/12/3, 49, 14, 4, 1, 12
2015/12/4, 50, 13, 4, , 6
2015/12/5, 51, 10, 4, , 6
2015/12/6, 48, 8, 3, , 6
2015/12/7, 46, 21, 5, 2, 7
2015/12/8, 60, 14, 4, , 7
2015/12/9, 50, 11, 3, , 7
2015/12/10, 45, 9, 3, , 7
2015/12/11, 44, , 5, , 8
2015/12/15, 21, 17, 4, 1, 9
2015/12/16, 24, 20, 3, 1, 8
2015/12/17, 32, 15, 3, , 8
2015/12/18, 21, 12, 3, , 9
2015/12/19, 19, 20, 2, , 9
2015/12/20, 25, 19, 1, , 9
2015/12/21, 27, 21, 3, 1, 9
2015/12/22, 24, 16, 3, , 10
2015/12/23, 23, 15, 2, , 
2015/12/24, 23, 11, 1, , 
2015/12/25, 25, 9, 1, , 
2015/12/26, 18, 9, 1, , 10
2015/12/27, 20, 14, 1, , 10
2015/12/28, 20, 16, 4, , 10
2015/12/29, 14, 13, 7, 1, 12
2015/12/30, 14, 16, 2, , 
2015/12/31, 21, 18, 8, 2, 12
2016/1/1, 33, , , , 
2016/1/4, 23, 14, 7, , 12
2015/7/2, 12, 17, 6, 3, 3
2015/7/3, 18, 12, 2, 2, 
2015/7/4, 13, 9, 2, 2, 
2015/7/5, 9, 8, 2, 2, 
2015/7/6, 5, 12, 1, 1, 3
2015/7/7, 9, 14, 1, 1, 
2015/7/8, 9, 11, 1, 1, 
2015/7/9, 11, 13, 12, 2, 37
2015/7/10, 13, 5, 1, 1, 3
2015/7/11, 6, 3, 1, 1, 3
2015/7/12, 7, 3, 2, 1, 3
2015/7/13, 13, 9, 2, 7, 
2015/7/14, 10, 9, 2, 4, 3
2015/7/15, 7, 11, 1, 1, 4
2015/7/17, 9, 8, 3, 1, 4
2015/7/18, 7, 14, 1, , 5
2015/7/19, 7, 12, 1, , 4
2015/7/20, 10, 16, 3, 1, 5
2015/7/21, 6, 11, 2, , 4
2015/7/22, 5, 11, 5, 4, 5
2015/7/23, 10, 15, 2, 1, 
2015/7/24, 12, 17, 2, , 
2015/7/25, 5, 13, 2, 1, 
2015/7/26, 8, 9, 2, , 6
2015/7/27, 9, 15, 4, 2, 6
2015/7/28, 9, 17, 2, , 
2015/7/29, 8, 19, 2, , 
2015/7/30, 7, 16, 2, 1, 7
2015/7/31, 8, 19, 3, 1, 7
2015/8/1, 9, 23, 1, , 
2015/8/2, 15, 17, 1, , 
2015/8/3, 7, 21, 2, , 7
2015/8/4, 20, 19, 4, 1, 8
2015/8/5, 25, 10, 2, , 
2015/8/6, 9, 16, 2, , 8
2015/8/7, 11, 17, 4, , 8
2015/8/8, 12, 24, 2, , 11
2015/8/9, 14, 8, 1, , 
2015/8/10, 9, 17, 2, , 7
2015/8/11, 12, 11, 3, 2, 5
2015/8/12, 10, 11, 2, , 2
2015/8/13, 7, 13, 2, 1, 2
2015/8/14, 9, 15, 2, 1, 2
2015/8/15, 11, 12, 1, , 2
2015/8/16, 6, , , , 
2015/8/18, 70, 5, 2, , 6
2015/8/19, 5, 5, 6, , 4
2015/8/20, 9, 7, 3, , 8
2015/8/21, 11, 9, 2, , 10
2015/8/22, 7, 11, 2, , 14
2015/8/23, 12, 8, 4, , 15
2015/8/24, 10, 5, 2, , 14
2015/8/25, 9, 5, 2, , 13
2015/8/26, 160, 5, 2, , 12
2015/9/1, 11, 8, 3, 2, 13
2015/9/2, 18, 14, 4, , 14
2015/9/3, 21, 7, 3, , 5
2015/9/4, 15, 12, 3, , 
2015/9/5, 23, 10, 3, , 
2015/9/6, 23, 10, 3, , 
2015/9/7, 24, 12, 3, 1, 
2015/9/8, 45, 10, 3, 1, 3
2015/9/9, 36, 9, 4, 1, 4
2015/9/10, 22, 4, 3, , 4
2015/9/11, 26, 7, 3, , 5
2015/9/12, 40, 6, 2, , 5
2015/9/13, 36, 5, 1, , 5
2015/9/14, 31, 7, 2, , 5
2015/9/15, 25, 8, 2, , 
2015/9/16, 21, 14, 2, , 5
2015/9/17, 28, 11, 2, , 5
2015/9/18, 28, 17, 2, , 6
2015/9/19, 38, 14, 1, , 6
2015/9/20, 37, 14, 1, , 6
2015/9/21, 37, 15, 2, , 
2015/9/22, 34, 14, 2, , 7
2015/9/23, 36, 10, 2, , 7
2015/9/24, 36, 12, 2, , 7
2015/9/25, 31, 16, 2, , 
2015/9/26, 35, 17, 1, , 
2015/9/27, 36, 13, 1, , 8
2015/9/28, 32, 18, 2, , 8
2015/9/29, 39, 19, 2, , 
2015/9/30, 39, 19, 2, , 9
2015/10/1, 39, 13, 2, , 9
2015/4/2, 15, 16, 2, 2, 
2015/4/3, 13, 20, 8, 3, 7
2015/4/4, 17, 15, 2, 2, 
2015/4/5, 12, 17, 2, 2, 
2015/4/6, 20, 18, 2, 3, 5
2015/4/7, 21, 17, 3, 2, 6
2015/4/8, 11, 17, 2, 2, 6
2015/4/9, 16, 21, 1, 2, 5
2015/4/10, 26, 20, 2, 2, 6
2015/4/11, 24, 16, 1, 2, 6
2015/4/12, 22, 8, 1, 2, 
2015/4/13, 11, 16, 2, 2, 
2015/4/14, 21, 17, 1, 2, 
2015/4/15, 11, 16, 2, 2, 
2015/4/16, 12, 16, 1, 2, 6
2015/4/17, 17, 18, 3, 2, 
2015/4/18, 18, 19, 1, 2, 6
2015/4/19, 21, 18, 1, 2, 6
2015/4/20, 18, 22, 1, 3, 6
2015/4/21, 15, 20, 2, 2, 6
2015/4/22, 12, 16, 4, 2, 7
2015/4/23, 12, 22, 4, 3, 
2015/4/24, 30, 24, 5, 2, 7
2015/4/25, 19, 22, 1, 2, 
2015/4/26, 15, 10, 4, 2, 
2015/4/27, 9, 19, 1, 3, 
2015/4/28, 20, 12, 2, 2, 
2015/4/29, 9, 22, 3, 3, 5
2015/4/30, 14, 23, 2, 4, 5
2015/5/1, 25, 17, 2, 2, 6
2015/5/2, 21, 18, 1, 2, 6
2015/5/3, 16, 18, 1, 2, 5
2015/5/4, 24, 24, 2, 2, 6
2015/5/5, 18, 24, 2, 2, 6
2015/5/6, 23, 21, 2, 2, 6
2015/5/7, 17, 16, 2, 3, 6
2015/5/8, 13, 13, 2, 2, 6
2015/5/9, 13, 22, 2, 2, 6
2015/5/10, 17, 19, 2, 2, 6
2015/5/11, 21, 22, 2, 2, 5
2015/5/12, 24, 20, 1, 1, 6
2015/5/13, 20, 23, 2, 2, 6
2015/5/14, 17, 15, 2, 2, 6
2015/5/15, 23, 14, 2, 2, 6
2015/5/16, 14, 18, 1, 2, 6
2015/5/17, 13, 17, 1, 2, 6
2015/5/18, 12, 25, 2, 2, 6
2015/5/19, 24, 26, 2, 2, 6
2015/5/20, 30, 14, 3, 2, 6
2015/5/21, 16, 14, 4, 3, 7
2015/5/22, 7, 10, 4, 2, 7
2015/5/23, 11, 18, 1, 2, 5
2015/5/24, 20, 15, 1, 2, 6
2015/5/25, 21, 11, 1, 3, 6
2015/5/26, 13, 9, 3, 2, 6
2015/5/27, 6, 9, 4, 3, 6
2015/5/28, 22, 7, 3, 3, 6
2015/5/29, 6, 10, 4, 3, 6
2015/5/30, 20, 7, 2, 3, 6
2015/5/31, 7, 5, 1, 2, 6
2015/6/2, 5, 16, 2, 3, 6
2015/6/3, 5, 12, 2, 2, 6
2015/6/4, 5, 9, 2, 4, 
2015/6/7, 8, 10, 1, 3, 6
2015/6/8, 7, 12, 1, 3, 6
2015/6/9, 9, 15, 1, 3, 6
2015/6/10, 9, 13, 1, 3, 6
2015/6/11, 7, 11, 2, 3, 6
2015/6/12, 8, 9, 2, 3, 6
2015/6/13, 6, 10, 1, 3, 6
2015/6/14, 11, 8, 1, 3, 6
2015/6/15, 9, 9, 3, 2, 6
2015/6/16, 5, 12, 2, 1, 6
2015/6/17, 9, 12, 2, 1, 6
2015/6/18, 9, 11, 1, 2, 6
2015/6/19, 7, 11, 1, 1, 
2015/6/20, 5, 15, 1, 1, 6
2015/6/21, 6, 8, 1, 1, 6
2015/6/22, 10, 9, 2, 2, 
2015/6/24, 7, 8, 2, 2, 6
2015/6/25, 5, 15, 2, 2, 
2015/6/26, 11, 14, 2, 2, 2
2015/6/27, 8, 13, 2, 1, 
2015/6/28, 12, 11, 2, 1, 
2015/6/29, 16, 10, 1, 1, 2
2015/6/30, 7, 15, 4, 1, 2
2015/7/1, 13, 12, 5, 2, 3
2015/1/2, 29, 10, 6, 2, 5
2015/1/3, 13, 11, 5, 5, 3
2015/1/4, 13, 12, 3, 1, 3
2015/1/5, 13, 18, 9, 9, 11
2015/1/6, 25, 20, 3, 1, 4
2015/1/7, 20, 21, 4, 1, 5
2015/1/8, 14, 17, 9, 2, 5
2015/1/9, 20, 14, 7, 1, 5
2015/1/10, 14, 11, 6, 2, 5
2015/1/11, 10, 11, 5, 2, 5
2015/1/12, 15, 15, 7, 2, 5
2015/1/13, 11, 16, 7, 2, 5
2015/1/14, 15, 22, 5, 4, 5
2015/1/15, 28, 18, 4, 4, 4
2015/1/16, 38, 12, 9, 4, 5
2015/1/17, 23, 13, 7, 2, 5
2015/1/18, 16, 19, 5, 2, 5
2015/1/19, 31, 18, 5, 2, 5
2015/1/20, 18, 20, 5, 3, 5
2015/1/21, 29, 17, 6, 2, 5
2015/1/22, 22, 18, 6, 3, 6
2015/1/23, 21, 7, 3, 1, 5
2015/1/24, 11, 6, 2, 1, 5
2015/1/25, 9, 6, 1, 1, 
2015/1/26, 10, 14, 2, 2, 
2015/1/27, 11, 16, 4, 2, 5
2015/1/28, 9, 15, 5, 4, 5
2015/1/29, 16, 17, 3, 4, 4
2015/1/30, 25, 16, 5, 2, 5
2015/1/31, 14, 15, 3, 3, 4
2015/2/1, 15, 12, 2, 2, 4
2015/2/2, 19, 21, 3, 3, 5
2015/2/3, 11, 21, 2, 3, 4
2015/2/4, 9, 18, 3, 2, 5
2015/2/5, 8, 23, 4, 3, 4
2015/2/6, 15, 22, 2, 1, 5
2015/2/7, 15, 25, 4, 2, 5
2015/2/8, 27, 23, 4, 3, 4
2015/2/9, 26, 21, 3, 4, 5
2015/2/10, 15, 27, 3, 2, 5
2015/2/11, 20, 30, 3, 2, 5
2015/2/12, 23, 25, 5, 2, 5
2015/2/13, 23, 24, 2, 2, 5
2015/2/14, 12, 20, 1, 2, 4
2015/2/15, 16, 30, 4, 2, 5
2015/2/16, 33, 27, 5, 3, 5
2015/2/17, 31, 24, 5, 2, 5
2015/2/18, 29, 26, 6, 3, 5
2015/2/19, 37, 22, 5, 3, 5
2015/2/20, 33, 12, 6, 2, 5
2015/2/21, 13, 16, 2, 2, 4
2015/2/22, 26, 16, 2, 2, 5
2015/2/23, 21, 18, 4, 2, 5
2015/2/24, 13, 18, 5, 2, 5
2015/2/25, 13, 21, 3, 2, 4
2015/2/26, 17, 15, 7, 5, 5
2015/2/27, 10, 13, 7, 2, 6
2015/2/28, 9, 9, 2, 2, 4
2015/3/1, 10, 12, 1, 1, 5
2015/3/2, 16, 13, 2, 2, 4
2015/3/3, 10, 13, 2, 1, 5
2015/3/4, 8, 15, 2, 1, 5
2015/3/5, 24, 12, 2, 2, 5
2015/3/6, 11, 15, 2, 2, 4
2015/3/7, 22, 15, 1, 2, 5
2015/3/8, 19, 12, 1, 2, 5
2015/3/9, 19, 11, 4, 4, 5
2015/3/10, 15, 12, 4, 3, 6
2015/3/11, 20, 10, 7, 2, 6
2015/3/12, 17, 11, 5, 3, 6
2015/3/13, 12, 15, 2, 2, 5
2015/3/14, 22, 10, 2, 2, 6
2015/3/15, 15, 9, 1, 2, 6
2015/3/16, 16, 13, 5, 4, 7
2015/3/17, 21, 16, 5, 2, 7
2015/3/18, 35, 19, 5, 2, 7
2015/3/19, 40, 17, 4, 3, 7
2015/3/20, 39, 11, 2, 2, 7
2015/3/21, 15, 12, 2, 2, 
2015/3/22, 19, 16, 2, 2, 
2015/3/23, 16, 18, 2, 2, 6
2015/3/24, 23, 19, 6, 3, 7
2015/3/25, 24, 13, 2, 2, 7
2015/3/26, 17, 20, 1, 2, 
2015/3/27, 37, 24, 2, 2, 
2015/3/28, 36, 19, 3, 3, 6
2015/3/29, 20, 10, 1, 2, 
2015/3/30, 7, 14, 2, 2, 
2015/3/31, 15, 7, 4, 3, 7
2015/4/1, 9, 15, 3, 2, 
2014/11/25, 11, 8, 2, 2, 4
2014/11/26, 16, 7, 2, 2, 
2014/11/27, 20, 8, 2, 2, 4
2014/11/28, 14, 8, 1, 3, 
2014/11/29, 19, 8, 1, 2, 5
2014/11/30, 14, 8, 1, 2, 5
2014/12/1, 11, 11, 1, 2, 4
2014/12/2, 17, 11, 2, 3, 5
2014/12/3, 18, 3, 3, 2, 5
2014/12/4, 6, 9, 4, 2, 4
2014/12/5, 9, 9, 3, 3, 5
2014/12/6, 8, 8, 3, 2, 5
2014/12/10, 30, 18, 6, 3, 6
2014/12/11, 28, 14, 5, 3, 5
2014/12/12, 15, 10, 2, 2, 5
2014/12/13, 11, 9, 4, 1, 5
2014/12/14, 14, 11, 2, 1, 4
2014/12/15, 22, 12, 1, 1, 4
2014/12/16, 17, 12, 3, 2, 5
2014/12/17, 15, 12, 3, 1, 5
2014/12/18, 7, 10, 3, 1, 4
2014/12/19, 6, , 3, 1, 4
2014/7/2, 5, 11, , 2, 
2014/7/3, 8, 8, 1, 2, 1
2014/7/4, 7, 10, 1, 2, 
2014/7/5, 12, 8, 1, 2, 1
2014/7/6, 5, 7, 1, 2, 
2014/7/7, 9, 10, 2, 3, 1
2014/7/8, 5, 12, 3, 3, 
2014/7/10, 9, 13, 2, 3, 
2014/7/11, 11, 9, 2, 2, 
2014/7/12, 7, 10, 1, 3, 
2014/7/13, 5, 6, 2, 2, 
2014/7/17, 9, 13, 2, 3, 1
2014/7/18, 5, 12, 2, 3, 1
2014/7/19, 7, 11, 1, 3, 2
2014/7/20, 8, 7, 1, 2, 1
2014/7/22, 5, , 2, , 2
2014/7/25, 15, 10, 2, , 
2014/7/26, 18, , , , 
2014/7/29, 19, , 2, , 2
2014/7/30, 21, , 2, , 
2014/7/31, 20, , 3, 3, 
2014/8/1, 24, , 3, , 
2014/8/2, 24, , 2, , 
2014/8/3, 18, , 2, , 
2014/8/4, 23, 22, 2, , 2
2014/8/5, 31, 19, 3, , 1
2014/8/6, 24, 9, 2, , 1
2014/8/7, 16, , , , 
2014/8/12, 22, 11, 2, , 1
2014/8/13, 16, 15, 3, , 
2014/8/14, 20, , 2, 2, 1
2014/8/15, 23, , 2, , 
2014/8/16, 16, 24, 2, , 
2014/8/17, 22, , 1, , 2
2014/8/18, 27, , 2, , 2
2014/8/19, 21, , 2, , 
2014/8/20, 10, , 2, , 
2014/8/21, 15, , 1, 1, 2
2014/8/22, 14, , 1, , 2
2014/8/23, 21, , , , 
2014/8/24, 13, , , , 
2014/8/28, 33, , 9, , 3
2014/8/29, 30, , 3, , 3
2014/6/11, 14, 14, 2, 1, 10
2014/6/12, 20, 20, 2, 2, 10
2014/6/13, 30, 26, 2, 1, 11
2014/6/14, 23, 20, 2, , 11
2014/6/15, 28, 13, 1, , 11
2014/6/16, 16, 17, 2, 2, 11
2014/6/17, 18, 10, 2, 1, 
2014/6/18, 14, 15, 2, 1, 
2014/6/19, 14, 17, 2, 1, 12
2014/6/20, 21, 10, 2, 1, 12
2014/6/21, 14, 12, 1, 1, 12
2014/6/22, 22, 9, 1, 1, 12
2014/6/23, 12, 12, 2, 1, 13
2014/6/24, 15, 9, 2, 1, 13
2014/6/25, 11, 13, 1, 1, 
2014/6/26, 17, 13, 1, 2, 13
2014/6/27, 9, 9, 1, 2, 1
2014/6/28, 7, 4, 1, 2, 
2014/6/29, 13, 4, , 2, 
2014/7/1, 5, 6, , 2, 1
2020/1/1, , 17, 3, 2, 
2019/5/8, , 7, 5, , 1
2019/5/20, , 15, 3, , 1
2019/1/1, , 15, 2, , 
2019/3/3, , 4, 1, , 2
2019/3/6, , 9, 3, , 2
2019/3/17, , 22, 3, 1, 2
2018/10/4, , 7, 5, , 
2018/7/1, , 12, , 1, 1
2018/7/7, , 3, , , 
2018/7/8, , 7, , , 
2018/7/9, , 7, , 1, 
2018/7/10, , 10, , 1, 
2018/8/27, , 2, 3, , 
2018/8/28, , 20, 3, , 
2018/4/23, , 14, 1, , 14
2018/5/15, , 5, 2, , 17
2017/9/9, , 14, , 1, 3
2017/4/24, , 13, 2, , 
2017/5/9, , 10, 5, , 
2017/2/6, , 8, 5, , 3
2016/12/14, , 13, 4, , 2
2016/7/2, , 19, 1, , 5
2016/7/3, , 12, 1, , 6
2016/7/4, , 12, 1, , 6
2016/7/5, , 12, 1, , 6
2016/7/6, , 10, 2, , 
2016/7/7, , 12, 2, , 
2016/9/10, , 11, 2, , 
2016/9/11, , 6, 2, , 
2016/9/12, , 4, 1, , 
2016/9/15, , 8, 2, , 
2016/9/26, , 7, , , 
2016/5/31, , 5, 2, , 6
2016/6/1, , 7, 3, , 7
2016/6/2, , 8, 3, , 7
2016/6/20, , 15, 1, , 
2016/6/30, , 19, 3, , 6
2016/7/1, , 24, 2, , 5
2016/3/27, , 8, 4, 1, 
2016/3/28, , 14, 5, , 7
2015/11/7, , 16, 2, , 9
2015/11/8, , 18, 2, , 
2015/11/9, , 22, 3, 1, 9
2015/12/14, , 17, 6, 1, 9
2016/1/3, , 14, 1, , 11
2015/7/16, , 11, 3, 27, 5
2015/8/17, , 6, 1, 1, 12
2015/8/27, , 8, 2, , 12
2015/8/28, , 9, 2, , 12
2015/8/31, , 9, 2, , 13
2015/6/1, , 11, 4, 3, 6
2015/6/5, , 9, 2, 3, 6
2015/6/6, , 11, 3, 3, 6
2015/6/23, , 12, 1, 2, 
2015/1/1, , 18, 2, 2, 4
2014/11/24, , 8, 2, 2, 4
2014/12/9, , 17, , , 
2014/12/22, , 14, 5, 1, 5
2014/12/23, , 18, 2, 1, 4
2014/12/24, , 6, 2, 1, 3
2014/12/25, , 5, 4, 1, 5
2014/12/26, , 10, 6, 2, 4
2014/12/27, , 17, 6, 1, 4
2014/12/28, , 22, 4, 1, 4
2014/7/9, , 11, 2, 2, 
2014/7/14, , 8, 2, 3, 1
2014/7/15, , 8, 1, 2, 1
2014/7/16, , 14, 1, 3, 
2014/7/21, , 4, 2, 6, 1
2014/7/24, , 9, 2, 4, 1
2014/7/28, , 12, 3, 1, 2
2014/8/11, , 16, 6, 2, 1
2014/6/10, , 10, 3, 1, 10
2014/6/30, , 7, 1, 3, 1
2019/5/10, , , 2, , 1
2019/5/11, , , 3, , 1
2019/5/12, , , 1, , 1
2019/5/13, , , 5, , 1
2019/5/14, , , 3, , 1
2019/5/15, , , 2, , 1
2019/5/16, , , 3, , 1
2019/5/17, , , 2, , 1
2019/5/18, , , 2, , 1
2019/5/19, , , 3, , 1
2018/4/14, , , 2, 1, 9
2018/4/15, , , 1, , 9
2018/4/16, , , 2, , 10
2018/4/17, , , 2, , 10
2018/4/18, , , 2, , 10
2018/4/19, , , 2, , 9
2018/4/20, , , 2, , 11
2018/4/21, , , 1, , 9
2018/4/22, , , 1, , 10
2017/4/20, , , 5, , 
2017/4/21, , , 4, , 
2017/4/22, , , 2, , 
2017/4/23, , , 2, , 
2017/5/6, , , 2, , 
2017/5/7, , , 2, , 
2017/5/8, , , 6, , 
2017/2/4, , , 5, 1, 1
2017/2/5, , , 1, , 2
2016/6/18, , , 1, , 4
2016/6/19, , , 1, , 3
2015/12/12, , , 6, 1, 8
2015/12/13, , , 4, , 8
2015/8/29, , , 2, 1, 12
2015/8/30, , , 1, , 
2014/10/2, , , 6, 4, 5
2014/10/3, , , 3, 1, 5
2014/10/4, , , 3, 1, 
2014/10/7, , , 2, 5, 1
2014/10/8, , , 4, 1, 1
2014/10/9, , , 4, 1, 1
2014/10/10, , , 2, 3, 1
2014/10/11, , , 2, , 
2014/10/12, , , 1, , 
2014/10/13, , , 1, , 
2014/10/14, , , 1, , 2
2014/10/15, , , 2, , 1
2014/10/16, , , 2, , 
2014/10/17, , , 3, 7, 
2014/10/25, , , 2, 2, 4
2014/10/26, , , 2, 2, 4
2014/10/27, , , 2, 2, 
2014/10/28, , , 2, 2, 
2014/10/29, , , 3, 2, 4
2014/10/30, , , 1, 2, 
2014/10/31, , , 3, 3, 
2014/11/1, , , 3, 2, 
2014/11/2, , , 2, 2, 
2014/11/3, , , 1, 2, 
2014/11/4, , , 2, 2, 4
2014/11/5, , , 4, 2, 5
2014/11/6, , , 3, 2, 4
2014/11/7, , , 4, 4, 6
2014/11/8, , , 5, 2, 5
2014/11/9, , , 2, 2, 3
2014/11/10, , , 1, 2, 4
2014/11/11, , , 2, 2, 3
2014/11/12, , , 4, 3, 5
2014/11/13, , , 5, 2, 5
2014/11/14, , , 6, 3, 5
2014/11/15, , , 3, 2, 4
2014/11/21, , , 1, 2, 4
2014/11/22, , , 2, 2, 4
2014/11/23, , , 2, 2, 5
2014/12/7, , , 1, , 4
2014/12/20, , , 3, , 4
2014/12/21, , , 4, 1, 6
2014/12/29, , , 1, 1, 3
2014/7/23, , , 2, , 1
2014/8/27, , , 4, , 3
2014/8/30, , , 1, , 
2014/9/2, , , 3, 3, 4
2014/9/3, , , 2, , 3
2014/9/4, , , 2, 1, 4
2014/9/5, , , 2, , 3
2014/9/6, , , 2, 3, 4
2014/9/7, , , 1, , 3
2014/9/8, , , 3, , 4
2014/9/17, , , 3, 1, 4
2014/9/18, , , 9, 1, 6
2014/9/19, , , 4, 1, 5
2014/9/20, , , 4, , 5
2014/9/21, , , 2, , 4
2014/9/22, , , 2, 4, 4
2014/9/23, , , 2, 1, 5
2014/9/24, , , 1, 1, 5
2014/9/25, , , 1, 2, 5
2014/9/26, , , 1, 1, 5
2014/9/27, , , 1, 1, 5
2014/9/28, , , 1, 1, 5
2014/9/29, , , 4, 1, 6
2014/9/30, , , 4, 1, 6
2014/10/1, , , 6, 1, 6